id,latitude,longitude,ward,elevation_m,slope_deg,building_density,groundwater_decline,ground_deformation_mm,risk_score,risk_level,recommendation,confidence_pct
1,30.55123620356542,79.57094485142059,Singhdhar Ward,1826.655150139988,26.33540904782282,796.8412681640831,31.21302976425117,64.80482153819622,62.5311373437215,High,Structural Inspection Required,95.0
2,30.568521429192298,79.56608289099032,Marwari,1599.698346193485,23.475301636194562,1458.4472136856525,69.53453742260434,41.39177640149562,48.046417360448416,Moderate,Detailed Survey Needed,97.0
3,30.56195981825434,79.55928582848858,Singhdhar Ward,1857.0296776508944,32.0810867668859,747.6398129844989,43.352537664461806,62.65462643590155,62.405059663253695,High,Structural Inspection Required,97.0
4,30.55795975452591,79.57441385059121,Manohar Bagh,1891.5878617925734,34.56702316794584,1880.0279818448012,89.09557143654166,54.172067904103656,63.91474322540026,High,Structural Inspection Required,100.0
5,30.544680559213273,79.57054193517662,Marwari,1883.968567189656,17.140105394920504,1541.2198764672517,74.73897251181566,38.69776146350647,44.52306142244064,Moderate,Detailed Survey Needed,100.0
6,30.544679835610086,79.55487850818034,Marwari,1962.1171088331932,11.687670464422219,771.2242502675347,40.87151697963622,24.851984876346094,27.426210522493633,Moderate,Detailed Survey Needed,100.0
7,30.541742508365044,79.57732781553482,Ravigram,1925.0883231823357,6.637946268967035,1345.3954614750683,71.18672562016638,27.816394370236257,31.709189450490722,Moderate,Detailed Survey Needed,98.0
8,30.565985284373248,79.5746761172877,Sunil Ward,1868.8770118842656,30.079913269125438,1123.9217972047084,54.93839543001294,39.064865923054754,46.2538245583303,Moderate,Detailed Survey Needed,99.0
9,30.558033450352298,79.57849399739875,Singhdhar Ward,1789.475143281203,13.966333938261265,1659.5872552095902,79.9918117870213,62.89000654934446,62.622905446200875,High,Structural Inspection Required,100.0
10,30.56124217733388,79.57177158525165,Singhdhar Ward,1550.8558599726014,3.4710940704751714,2170.2252230115723,115.62311045907116,68.37094149467134,66.6920182615358,High,Structural Inspection Required,82.0
11,30.540617534828872,79.56840245587807,Ravigram,1864.4427328698878,28.88578604530964,562.4137651771277,36.81518657784429,42.12833213877882,44.65043788416286,Moderate,Detailed Survey Needed,100.0
12,30.56909729556486,79.56254729108872,Ravigram,1831.1531530744667,49.92999517432791,1557.5130395737085,82.7699422325944,66.98786354369905,76.45568823522206,Critical,Immediate Evacuation & Structural Inspection,67.0
13,30.564973279224013,79.57798185450062,Sunil Ward,1840.736825579306,24.939290884601068,1419.93360221668,71.42327082365911,44.313424844061416,50.48238926495902,High,Structural Inspection Required,74.0
14,30.546370173320348,79.57598191668501,Sunil Ward,1608.4877136269536,33.38490774451642,1835.670038225233,87.74217330305702,53.39708664229369,62.672607478039254,High,Structural Inspection Required,99.0
15,30.545454749016212,79.55135656010319,Marwari,1637.8415189387606,25.81829358547565,1606.5983141188447,76.17769367315941,48.350747118454464,55.0035976264962,High,Structural Inspection Required,99.0
16,30.545502135295603,79.55079100923491,Manohar Bagh,1957.9729279999356,24.011103468088574,1124.0153341305904,58.81333723285831,37.61074077337428,43.23264892866124,Moderate,Detailed Survey Needed,100.0
17,30.549127267288785,79.56129390100634,Sunil Ward,1794.0667269215016,34.190764829877686,1340.473032166691,69.11564271277797,55.952943743941546,61.73559863054151,High,Structural Inspection Required,100.0
18,30.555742692948968,79.57431659992345,Ravigram,1902.2251046058936,22.097254558113487,1101.9870715982556,62.10734654464493,32.38067515021371,38.5202781309325,Moderate,Detailed Survey Needed,100.0
19,30.552958350559262,79.57961828387944,Sunil Ward,1804.2477564195692,27.67392314071903,2038.0035692992992,105.15242892764566,56.88671882860661,64.79407404083155,High,Structural Inspection Required,98.0
20,30.54873687420594,79.5545125067331,Singhdhar Ward,1804.4634209243618,28.216978061960138,1510.6558243359711,68.01738970799947,74.48433605792667,74.98297001782461,High,Structural Inspection Required,79.0
21,30.55835558684167,79.56782392146056,Manohar Bagh,1940.7425708963997,18.31909546356951,2450.5953428765038,127.7895052324398,58.911300522200065,65.98144852972194,High,Structural Inspection Required,93.0
22,30.54418481581956,79.56142672569892,Marwari,1722.593290767394,34.92042349536523,1469.6695930926896,68.49317651806241,66.94946007161339,71.12622561303755,High,Structural Inspection Required,97.0
23,30.548764339456056,79.57909743193444,Singhdhar Ward,1814.4181165411476,23.250402433045913,1145.7966165447685,55.36997446747667,66.96031440951927,65.39755101409925,High,Structural Inspection Required,98.0
24,30.55099085529881,79.57526356769407,Singhdhar Ward,1730.6587066942436,17.442548405071552,743.1428036935864,38.408141215937796,50.45620810462853,48.49398837469638,Moderate,Detailed Survey Needed,72.0
25,30.55368209952651,79.57514986114133,Manohar Bagh,1734.8255658851526,30.365098435704034,598.4301618720275,39.8998455425212,40.78471117587422,44.326391836899866,Moderate,Detailed Survey Needed,100.0
26,30.56355527884179,79.56406079479385,Marwari,1753.624181479704,16.015320182089628,707.9320284972551,50.946194204889565,24.214882739806313,27.910757496733208,Moderate,Detailed Survey Needed,99.0
27,30.54599021346475,79.56244458507012,Ravigram,1833.320065745057,25.281811573691282,1633.5633255057417,84.711781570968,50.23598498375962,56.43482786792096,High,Structural Inspection Required,100.0
28,30.55542703315241,79.55820221215792,Marwari,1728.1877067504784,24.908810033557966,1754.362511614967,86.80214248714641,46.8024104879865,54.475599821104545,High,Structural Inspection Required,100.0
29,30.55777243706586,79.55169126489953,Sunil Ward,1988.3634188360281,35.85895565831578,709.4046489839333,38.14276069159941,49.706944111933254,53.53413202073733,High,Structural Inspection Required,94.0
30,30.5413935123816,79.57594167128765,Singhdhar Ward,1665.8089046670743,29.74698232879953,1947.5191570380578,101.81423498127208,81.59415498444358,83.62298718862708,Critical,Immediate Evacuation & Structural Inspection,98.0
31,30.558226345557042,79.5743870302739,Sunil Ward,1771.9692533757961,24.749730412548562,1258.4694741582803,61.32013558012805,42.61199542510103,48.1107174931349,Moderate,Detailed Survey Needed,89.0
32,30.54511572371062,79.57999153019858,Ravigram,1734.0403412588737,33.17766299200287,1573.3965059927746,87.64588207920035,54.65810581034039,61.90559804738698,High,Structural Inspection Required,99.0
33,30.54195154778956,79.57989910511222,Sunil Ward,2017.0466826530599,38.90207549017313,2306.110314127712,116.45586950234264,79.75267800210794,87.38722964780067,Critical,Immediate Evacuation & Structural Inspection,100.0
34,30.5684665661176,79.56666295116807,Marwari,1829.4832164767363,30.578103063518622,1948.4196579327659,99.90969834209527,57.82917812285392,65.86081448550998,High,Structural Inspection Required,100.0
35,30.568968960992237,79.5730696224554,Sunil Ward,1954.7766809202953,25.103526198433805,1365.734676047084,71.6163550626265,55.730512694931,58.853834769425504,High,Structural Inspection Required,100.0
36,30.564251920443493,79.57834297189648,Ravigram,1577.1659440444541,11.881637676498404,1054.4038872923563,54.8281274176901,35.024507177097085,36.995886946205445,Moderate,Detailed Survey Needed,100.0
37,30.5491384130752,79.57548942172032,Ravigram,1840.0575398803887,14.348863369246274,424.09229933534743,25.399317469115434,26.509219572808583,27.33008170500031,Moderate,Detailed Survey Needed,92.0
38,30.54293016342019,79.5574204430523,Ravigram,1933.4446193435156,21.947752956453325,1140.4233403787898,53.934901086204874,40.58233842761172,44.93867417042014,Moderate,Detailed Survey Needed,99.0
39,30.560526990795363,79.56351632405931,Marwari,1812.3425983913137,18.904877978407168,1394.4348805861528,66.93023525957749,42.171959451680245,46.78879085716885,Moderate,Detailed Survey Needed,98.0
40,30.553204574812188,79.55387478245454,Ravigram,1959.8220562598026,23.13028697014554,1006.410236424408,44.81974065636193,27.311788876296962,34.39676996578032,Moderate,Detailed Survey Needed,100.0
41,30.54366114704534,79.57862153081776,Singhdhar Ward,1722.406732484944,25.56649924897107,1434.3715164538476,73.91608197579352,71.23360702116113,71.19642697104453,High,Structural Inspection Required,97.0
42,30.554855307303338,79.56818523903353,Ravigram,2011.402116027837,30.296927543567307,1538.4259414793842,80.81597959152978,57.70812576823438,63.08788203731962,High,Structural Inspection Required,99.0
43,30.541031655633457,79.5568592841651,Sunil Ward,2144.8347185428875,24.295012219409088,1387.5720090959608,71.66746478555747,45.69176329382398,51.11986005220782,High,Structural Inspection Required,97.0
44,30.567279612062364,79.57015102053218,Sunil Ward,1745.5742159340512,29.865016438262018,1174.9987095882702,67.1223976461512,42.0027832104371,48.73783817498723,Moderate,Detailed Survey Needed,96.0
45,30.547763399448,79.56854384721373,Sunil Ward,1733.1746217898842,25.644744148101204,1584.3273359833638,79.18838670502296,49.01028907710051,55.3083225291759,High,Structural Inspection Required,99.0
46,30.55987566853062,79.56074488154098,Marwari,2018.007671567655,5.245334336461287,1720.9703247847046,89.3922245171978,44.53446240560582,46.32761594299283,Moderate,Detailed Survey Needed,91.0
47,30.549351332282683,79.55340672776599,Sunil Ward,2036.935821859607,15.606646061812457,954.800461278577,42.28151868323228,36.40423103209325,38.59051948346238,Moderate,Detailed Survey Needed,100.0
48,30.555602040635335,79.57014719586778,Marwari,1721.5709959270098,23.559124442783844,2205.466189873135,108.33781098128476,56.03862280178234,63.90860947190341,High,Structural Inspection Required,100.0
49,30.5564013083803,79.56560923102711,Marwari,1736.9719774356215,12.903052571588924,1450.7059338578692,76.01298548072235,42.88358408677827,45.787140591628074,Moderate,Detailed Survey Needed,93.0
50,30.545545633665764,79.57316955175207,Ravigram,1757.7323086709239,30.999287299962045,1509.424811472424,79.71675112733692,51.88192007633045,58.706184943071925,High,Structural Inspection Required,100.0
51,30.569087538832935,79.56560490503335,Singhdhar Ward,1598.3324233448584,40.30750832343698,1854.1072116282785,91.23552584309301,81.0973064775439,85.99389299441407,Critical,Immediate Evacuation & Structural Inspection,99.0
52,30.563253984700832,79.57556544500956,Ravigram,1662.2022080273703,37.18761851697317,1616.6080656317508,80.47240702229722,54.26948697961993,63.15161336931141,High,Structural Inspection Required,99.0
53,30.568184968246925,79.56655720516324,Ravigram,1649.3788849871898,22.865571290697922,1976.5683169566225,91.2390471144271,58.47861500942745,64.09337647705128,High,Structural Inspection Required,100.0
54,30.56684482051283,79.56682813914605,Marwari,1684.8303652343807,39.90726136849952,1643.5620826009122,80.39295812601256,59.67373112345686,68.28201083801385,High,Structural Inspection Required,99.0
55,30.557936999364333,79.57629960807975,Marwari,1794.7972668919829,26.486674572021116,1193.781312679781,64.14098145158799,44.2147141962182,49.4668096691201,Moderate,Detailed Survey Needed,83.0
56,30.567656227050694,79.56210448598637,Sunil Ward,1835.132209880478,21.629140288819606,1680.7517626030508,86.91361321068537,46.87820521288689,53.03090626761373,High,Structural Inspection Required,100.0
57,30.542654775061557,79.55402045685352,Sunil Ward,2032.5750739221116,18.8659733645906,928.1368963396691,48.9101734238895,44.286513666704366,45.43262654032132,Moderate,Detailed Survey Needed,96.0
58,30.545879485872575,79.5508634802894,Ravigram,1650.2468938891814,21.975303135118715,1554.2798528882615,77.96286108031788,54.09889540900065,57.81908732895447,High,Structural Inspection Required,99.0
59,30.541356818667314,79.57265411767021,Manohar Bagh,1947.6483597714875,21.118231814587713,1483.3850046777695,74.20456602702936,55.24985642701965,57.97314811232719,High,Structural Inspection Required,100.0
60,30.549759909922898,79.5686092865406,Manohar Bagh,1767.9016733661736,26.704162223754878,1395.9415713637302,66.49547287081927,45.51674558824942,51.80158768207499,High,Structural Inspection Required,94.0
61,30.551660318690683,79.57112239304297,Sunil Ward,1792.580443552135,26.605739810498648,1435.7312442805346,75.2807043150394,50.34692558664621,55.686727088842915,High,Structural Inspection Required,98.0
62,30.548140470953218,79.55638892484527,Manohar Bagh,1901.2229238249906,25.030460201534144,559.0754772511805,30.058638584505974,26.458746989475152,31.521966524390155,Moderate,Detailed Survey Needed,99.0
63,30.56486212527456,79.5540911442676,Sunil Ward,1631.5916967656551,29.3693816974635,1225.6375461295193,63.741971546439956,55.00276895249415,58.764474473083716,High,Structural Inspection Required,100.0
64,30.550702599800807,79.55043633997003,Marwari,1857.3614619276077,36.906462747863415,1546.4224505705574,74.69094831518998,51.09355693650805,60.209387075963924,High,Structural Inspection Required,97.0
65,30.54842803529062,79.5605176267642,Ravigram,1824.9678312319584,34.495541354413234,1579.9281959987002,68.22969520057879,54.149219462517365,61.97741735258481,High,Structural Inspection Required,98.0
66,30.556280882494747,79.56769753060564,Singhdhar Ward,1873.8676896012223,10.151020315500965,986.1624295370209,54.793885035619525,49.07246912492241,46.67559098014969,Moderate,Detailed Survey Needed,75.0
67,30.54422772674924,79.56176732135299,Ravigram,1843.3752965861727,-0.5392113490195491,2132.8539204323506,104.24850874157552,32.89884940956354,38.275118204287814,Moderate,Detailed Survey Needed,96.0
68,30.56406590942262,79.56312424766071,Sunil Ward,2168.295020986634,34.34319911239274,1066.9125758927496,49.031749974421885,42.99777212699226,50.225036914247,High,Structural Inspection Required,87.0
69,30.542236519310393,79.5771247608348,Sunil Ward,1704.3390023623026,11.331213015845789,1984.7286002633684,102.7038245727384,41.83674148111906,47.87237527913611,Moderate,Detailed Survey Needed,94.0
70,30.569606608098017,79.5604476640107,Ravigram,1720.3504567497273,22.752345981073166,1713.5971809358425,83.71979584719648,45.62220202327258,52.64071265150017,High,Structural Inspection Required,94.0
71,30.5631673430789,79.5654196846748,Sunil Ward,1706.5289210362853,13.298869739406404,1176.8863450780984,64.14399917413803,32.140951569141144,36.03054481547987,Moderate,Detailed Survey Needed,100.0
72,30.545961470446024,79.57350959038223,Manohar Bagh,1716.6784321259618,6.980195624199801,2387.655446304756,122.46780206312128,51.49116667719777,56.36928288159224,High,Structural Inspection Required,95.0
73,30.540165663513708,79.56189628346964,Manohar Bagh,1704.3919309040223,30.41462728204788,903.18158412176,48.57692582209039,38.38046560695282,44.44473967183015,Moderate,Detailed Survey Needed,98.0
74,30.564463842853645,79.56866260100684,Sunil Ward,1978.3524796661327,32.59155160302647,1959.5770868050008,91.14907578424739,59.52067115276472,67.85120753398594,High,Structural Inspection Required,100.0
75,30.561205720315428,79.5758709112624,Sunil Ward,2013.0756371984783,19.234895992732806,2000.2911590214892,106.07427787800647,58.299995919115986,62.96009119856401,High,Structural Inspection Required,95.0
76,30.56187021504123,79.57848561870972,Manohar Bagh,1714.3880559375787,-0.9104229214490971,1164.6898954616777,59.540747429253166,19.567904069049693,21.92225667191324,Low,Continue Monitoring,80.0
77,30.56313811040058,79.55441220442786,Sunil Ward,1675.1466640343656,19.537555517475173,2196.232650032164,107.9652468053772,49.43002400185529,57.56492652370101,High,Structural Inspection Required,99.0
78,30.54222133955202,79.57779762875484,Sunil Ward,1870.7123334579605,28.918040054025465,1374.9767427005236,69.46577947173743,47.82154275884035,54.11756444864467,High,Structural Inspection Required,100.0
79,30.550753971856327,79.56476348879238,Ravigram,1717.1665433578544,10.210884312258713,1644.3468146399284,73.33616456750482,41.06818286186197,44.78302189012732,Moderate,Detailed Survey Needed,99.0
80,30.543476071785754,79.55774733164897,Singhdhar Ward,1894.9397726633267,26.833599197791557,1630.1609193856104,83.55131002668388,77.50281052100519,77.5913539795616,Critical,Immediate Evacuation & Structural Inspection,93.0
81,30.56589310277627,79.56377407268714,Manohar Bagh,1830.4384531276949,24.846901508270044,1432.845629264726,66.49542392232594,42.17007691027583,48.9086505900864,Moderate,Detailed Survey Needed,99.0
82,30.558698943804828,79.57940097725856,Ravigram,1572.6383827504153,30.792914996010886,1905.404136579891,88.50685539977688,58.60577187268198,66.2459604719095,High,Structural Inspection Required,100.0
83,30.54992694074558,79.56477854281978,Singhdhar Ward,2032.1257801995093,26.19580368414153,1896.7443602761064,87.22542208271587,71.61280882294587,74.60644085931854,High,Structural Inspection Required,90.0
84,30.54190675050858,79.55986254830863,Sunil Ward,2069.3816509643284,15.269310591184444,625.7340133809096,36.850142543995105,31.677288788360826,32.81698783460132,Moderate,Detailed Survey Needed,98.0
85,30.549329469651468,79.5690020256295,Sunil Ward,1708.081696427342,36.965715016644914,2152.1701214390764,104.46218910348988,67.95426528287173,76.85028615182175,Critical,Immediate Evacuation & Structural Inspection,78.0
86,30.5497554996608,79.55720436856335,Ravigram,1741.8447660096024,23.4147042697303,668.7540059821629,41.10633884869064,34.52462271469701,37.82424932673612,Moderate,Detailed Survey Needed,100.0
87,30.561888185350142,79.55227589984325,Sunil Ward,1842.8798086087359,24.72695460490068,2016.2731021708287,98.13464779327995,50.02902902966837,58.522102446237156,High,Structural Inspection Required,98.0
88,30.559126724140658,79.55386639165732,Marwari,1850.1685184980538,15.66732040926804,2063.3525684137917,94.63083863272486,41.4897033058146,49.476939902530695,Moderate,Detailed Survey Needed,89.0
89,30.56661638227729,79.55384137516873,Ravigram,1898.7816409009247,20.567177488084898,954.5167848924009,42.14321704487675,36.770793785660494,40.43499716613849,Moderate,Detailed Survey Needed,100.0
90,30.55416644775486,79.55455708080537,Singhdhar Ward,2101.5306808149526,16.15197285973099,1294.5928560227076,70.90870090117008,70.33909107058112,66.65781028792311,High,Structural Inspection Required,97.0
91,30.543587827378147,79.55416481517948,Ravigram,1773.4579158758927,23.27053940076577,947.1476657570321,46.57789239816827,34.403260504919125,39.446752228893914,Moderate,Detailed Survey Needed,100.0
92,30.56139734361669,79.5692262423441,Manohar Bagh,1680.255413319232,42.11708480142343,1392.5394848556323,66.8855377603286,61.051262686994754,68.43863511854687,High,Structural Inspection Required,97.0
93,30.562823551458507,79.55545640253197,Ravigram,1593.102115797821,11.280988570686436,1345.9828579071293,68.0992340246204,24.019425970924928,30.299915866668346,Moderate,Detailed Survey Needed,98.0
94,30.556838315927084,79.56037001849971,Sunil Ward,1690.360494008712,8.86438602123259,1889.83026613467,97.00042698757123,38.26854825997144,43.78533993969277,Moderate,Detailed Survey Needed,99.0
95,30.563129015398637,79.57690365229718,Sunil Ward,1795.0309540689304,39.711703274936085,2155.154373059804,113.34471273250251,70.61748177534511,79.75783099767021,Critical,Immediate Evacuation & Structural Inspection,99.0
96,30.554813867890932,79.56421884920789,Marwari,2069.183679527668,22.90676322848134,2197.8419053949783,117.13459141921355,53.91737092363997,62.04477124943093,High,Structural Inspection Required,98.0
97,30.55568198488146,79.57002673215563,Marwari,1722.3583051445744,18.309272613400836,1218.915986710849,59.146956106597024,32.7089730487518,38.31116365185026,Moderate,Detailed Survey Needed,100.0
98,30.552826230550757,79.55516959613604,Marwari,1833.5681927458347,35.39904687396076,1395.389063127736,63.139214725976615,48.922104134617165,57.13044525449442,High,Structural Inspection Required,98.0
99,30.540762573802322,79.55576867056426,Singhdhar Ward,1797.536565589087,18.94384460263136,658.2809038895249,30.846719388859864,55.87005514039491,52.53955848972678,High,Structural Inspection Required,92.0
100,30.5432367428098,79.551226058488,Marwari,1978.2589910172126,43.260097135469366,1097.0649667519056,56.15465087050971,55.517827877496536,62.733577933940545,High,Structural Inspection Required,100.0
101,30.5409428755706,79.55506805189216,Singhdhar Ward,2179.0398638810434,31.779258713392693,1982.4258165487288,94.30249619638339,72.52299966300431,77.60381298979851,Critical,Immediate Evacuation & Structural Inspection,83.0
102,30.559092312337913,79.55835771017095,Marwari,1720.3696840619518,20.120885918542974,2307.7914117741157,110.60381601423057,43.67435277592822,54.08781160807561,High,Structural Inspection Required,93.0
103,30.54943067943229,79.5553103145283,Singhdhar Ward,1726.5840836222667,46.57308213265503,882.825564060039,45.86021761075138,77.98220510006357,79.47019919866266,Critical,Immediate Evacuation & Structural Inspection,96.0
104,30.55525712073494,79.55266107601271,Ravigram,1956.6241315603609,18.942850769966615,1203.767870423553,59.9451317633254,40.42625307523867,44.27081893132148,Moderate,Detailed Survey Needed,99.0
105,30.567226994217783,79.55361907613302,Ravigram,1902.2837234439467,32.42095372009307,1486.7971215205364,74.50384105308476,39.55039107837371,49.65655540819247,Moderate,Detailed Survey Needed,97.0
106,30.547478766874466,79.56382336304098,Sunil Ward,2077.006098860405,27.992925804064917,1640.0805794098035,78.21155229698984,48.35915545159073,55.9091301861245,High,Structural Inspection Required,100.0
107,30.552311487691068,79.55619001155218,Singhdhar Ward,1887.5892277988946,38.01741289398798,1095.1982400391769,53.60790843093001,73.86506356188228,74.98455987003642,High,Structural Inspection Required,82.0
108,30.562666534156293,79.56092809583144,Manohar Bagh,1746.1061863819411,40.615111967268525,1712.0305222320449,80.98036039026073,68.72788658193528,75.80810880751349,Critical,Immediate Evacuation & Structural Inspection,76.0
109,30.54686394496475,79.56510251812564,Sunil Ward,1888.5982246038463,25.320041490657665,1263.080326464542,67.60500837885102,43.61242664761713,49.07919270163764,Moderate,Detailed Survey Needed,89.0
110,30.54230939729486,79.57071184485888,Ravigram,1966.3055370874363,17.465821296538167,1492.7738645608604,79.81493990166179,44.832083931433715,48.97386802948084,Moderate,Detailed Survey Needed,89.0
111,30.548692543587414,79.55117936419524,Singhdhar Ward,1923.0723271796046,29.599721429391163,1773.1421240018499,79.42616688890203,78.21391291062086,79.9093215856108,Critical,Immediate Evacuation & Structural Inspection,98.0
112,30.54483663861762,79.57398231196727,Marwari,1876.0911046660947,18.22284630247894,1503.211134905469,70.5130024443114,30.079345376240568,38.08619822169377,Moderate,Detailed Survey Needed,95.0
113,30.56789092957028,79.56883701168472,Manohar Bagh,1960.001203438373,45.13387247526623,1281.8070547367156,56.60770646138539,61.93044600178729,69.35925373702852,High,Structural Inspection Required,96.0
114,30.56424361138693,79.55245277095847,Ravigram,1975.3943385668508,26.365353310827373,1445.1950980370846,69.00963522981975,47.87215574488926,53.79294985213766,High,Structural Inspection Required,99.0
115,30.559002112695314,79.5762073587232,Sunil Ward,2007.323848655629,21.346784486878914,1455.8185203973323,72.37373617091481,46.33089163915052,51.104246701406176,High,Structural Inspection Required,99.0
116,30.566143817705633,79.57762617201595,Singhdhar Ward,1897.3064831384463,26.846803058649083,1314.994485058936,58.501498154454154,88.65908042543714,84.06719261676827,Critical,Immediate Evacuation & Structural Inspection,85.0
117,30.564110162306974,79.55183233879565,Manohar Bagh,1774.9322879524718,11.528737104703035,1370.6019686664488,63.92079936769587,22.978664796578247,29.744260561146202,Moderate,Detailed Survey Needed,94.0
118,30.54559710176658,79.55830632944442,Singhdhar Ward,1822.0070529649984,15.283859614893485,2299.3235852523585,109.94639240221044,83.83448866138346,82.97485293804847,Critical,Immediate Evacuation & Structural Inspection,95.0
119,30.5667767699547,79.57418603839379,Marwari,1980.9763449762536,37.00413907944426,1780.4597239706193,90.0593228455257,60.18387052021134,68.61684159305211,High,Structural Inspection Required,100.0
120,30.55618026725747,79.57244779071151,Sunil Ward,1677.4596493519145,18.431057210286042,1352.25984098542,67.95971373445225,41.56940441057955,45.9151883533311,Moderate,Detailed Survey Needed,100.0
121,30.564223204654922,79.55553563058069,Singhdhar Ward,1855.3009963309353,14.530890173180603,1848.477202255368,88.81517234608214,68.0417026158629,67.90425883757665,High,Structural Inspection Required,96.0
122,30.566882738997705,79.55628047970009,Ravigram,1740.999178150896,30.36652752527286,1333.0902551219951,67.53861711679676,47.433625488267104,54.01632673719807,High,Structural Inspection Required,100.0
123,30.549540104249154,79.56111416308374,Sunil Ward,1804.3117234402225,36.85704154662997,2086.5623187933206,101.5947155167297,62.11488325112909,71.97075534476883,High,Structural Inspection Required,96.0
124,30.54330155773583,79.56453568955573,Ravigram,1991.7677793910948,32.18953310665067,1684.821096099047,82.88277925332208,57.26400393918221,64.27481787041822,High,Structural Inspection Required,99.0
125,30.546838054876257,79.5685476431459,Singhdhar Ward,1828.6648602029854,34.960476858058165,1446.3489279978855,80.68470685138696,74.58792505850423,76.7867829996796,Critical,Immediate Evacuation & Structural Inspection,76.0
126,30.55281323365879,79.56106740918709,Sunil Ward,1806.9654822234222,17.432049114305393,1723.8584629051388,92.89522840420868,50.567103650315744,54.7754215915226,High,Structural Inspection Required,97.0
127,30.564540442977673,79.563876041484,Ravigram,1596.0215788530122,10.781893332581562,714.5619239657503,29.23019001364953,20.313599645733838,23.338324547258424,Low,Continue Monitoring,79.0
128,30.56582191749769,79.57242412814401,Marwari,1911.938034904083,40.01333651955487,936.6162655450973,50.97947536665074,46.65416513043732,53.967840540686254,High,Structural Inspection Required,97.0
129,30.540208563915936,79.55110049608672,Marwari,1896.8226271711612,21.773201611578642,903.0374968004722,49.20885761248158,34.93115428302832,39.09503048520521,Moderate,Detailed Survey Needed,100.0
130,30.555322419077328,79.55757310833032,Singhdhar Ward,2124.488208495819,22.491669835449528,1571.4715473818533,72.83226092532958,76.12876023027135,74.8051878200105,High,Structural Inspection Required,79.0
131,30.55252233009446,79.57140048757654,Sunil Ward,1753.8332647570498,38.281941418490575,2366.257499742546,122.4067632059016,69.67090666148184,79.92238158701484,Critical,Immediate Evacuation & Structural Inspection,98.0
132,30.54666323431412,79.57685620513061,Manohar Bagh,1832.872549149591,30.5623000940066,2615.650073096316,138.47216324687858,72.78375714031695,81.42052397893748,Critical,Immediate Evacuation & Structural Inspection,94.0
133,30.54359596102001,79.56535032326347,Sunil Ward,1837.4075525566134,29.558877720816078,1819.0255507203785,85.33855350479686,50.593886849514554,59.231058763809095,High,Structural Inspection Required,100.0
134,30.550128455142108,79.56596340455796,Marwari,2036.6179919645213,46.65002344901084,1750.4222374722285,82.93359776854011,70.9897073393888,79.67469552693403,Critical,Immediate Evacuation & Structural Inspection,86.0
135,30.568287291117375,79.55321516034019,Ravigram,1785.7056701419572,18.56481769619857,599.4711329236305,35.06186398039904,33.79795204502959,35.301696426696125,Moderate,Detailed Survey Needed,99.0
136,30.549696087960623,79.5634223710047,Manohar Bagh,1841.8532288655508,34.278401280812375,1228.6631001329893,62.790631560777705,60.50295465936527,64.50849583283095,High,Structural Inspection Required,100.0
137,30.5555637186523,79.56597851799364,Singhdhar Ward,1891.184476457481,25.570131248970846,1106.1081240458807,58.06278757849165,66.9971215452281,65.90787370509868,High,Structural Inspection Required,98.0
138,30.561090568766854,79.55727411510904,Manohar Bagh,1827.9913684734538,27.68592278863257,1189.576200874442,61.18175612572459,48.84653909241297,53.33352604076712,High,Structural Inspection Required,100.0
139,30.55090888807138,79.55807729692847,Singhdhar Ward,1733.0349578174207,40.28468426412532,1415.9280907076052,72.74988414002098,84.54305035100127,85.83057505485061,Critical,Immediate Evacuation & Structural Inspection,96.0
140,30.56915346248163,79.56131852489314,Manohar Bagh,1829.113498934746,30.078357562896237,1263.9547111514364,56.56537491601641,52.511657434436984,57.34084412087118,High,Structural Inspection Required,100.0
141,30.568873418848263,79.55060213593333,Singhdhar Ward,1961.0447624789658,30.38296079049633,510.35009481210614,30.75409327371255,59.938434676467175,58.3071738455875,High,Structural Inspection Required,98.0
142,30.54755346887476,79.55966237496749,Singhdhar Ward,1646.022705088341,35.72507337309802,1873.9551280587668,99.54570636507722,92.168797172388,93.07074549119598,Critical,Immediate Evacuation & Structural Inspection,99.0
143,30.55491745517677,79.5563434402099,Manohar Bagh,1819.9454511220315,21.350472704571146,963.6284871300968,47.034470636164706,35.21723287392292,39.561532725059344,Moderate,Detailed Survey Needed,99.0
144,30.549026349294504,79.55982492056533,Manohar Bagh,1694.981877759124,16.607903326609936,1619.6234320555748,80.76378685370943,42.194517831858285,47.50353408162086,Moderate,Detailed Survey Needed,99.0
145,30.548545214831325,79.55359286395458,Singhdhar Ward,1979.2569943387264,14.551908059789664,2537.0413348749867,119.19652923097073,77.85924763936481,79.71299851905262,Critical,Immediate Evacuation & Structural Inspection,94.0
146,30.541106608420634,79.5767158184222,Marwari,1571.5219642824338,5.336434106239981,1040.3077042067882,54.58665899042859,26.906346964253945,28.678358775160863,Moderate,Detailed Survey Needed,88.0
147,30.558286930019396,79.56780777360662,Manohar Bagh,1716.1617229092617,45.56207129940322,234.8562386268352,14.60309913991248,45.24944156588653,50.219268257546865,High,Structural Inspection Required,75.0
148,30.555080370696867,79.57037306957433,Sunil Ward,1856.581781259678,13.96791634278317,1356.9978890599446,67.53893936800068,37.50958080047938,41.45401689323992,Moderate,Detailed Survey Needed,100.0
149,30.5415443625375,79.57367513715822,Ravigram,2034.828604385151,22.78746376414228,2050.4798174992857,108.1457576743168,63.56428860141979,68.3945188938989,High,Structural Inspection Required,99.0
150,30.548359393927097,79.56495326596787,Singhdhar Ward,1790.1374608390518,22.231867001110793,2479.173727110297,122.28830020061515,89.39923208914928,90.53041456938747,Critical,Immediate Evacuation & Structural Inspection,94.0
151,30.567247976579,79.55260760864262,Singhdhar Ward,1716.7200709960202,28.074066978091007,885.2252027737916,47.08428976815758,70.93031347540457,68.2870264018784,High,Structural Inspection Required,85.0
152,30.547186856720007,79.56611319625455,Ravigram,2082.1735604160885,33.15737212539297,1748.349611618261,82.31915888745247,53.943947736430765,62.463496527135966,High,Structural Inspection Required,97.0
153,30.544346846162735,79.56760523354062,Marwari,1582.7979149375633,33.60473488359745,1267.3447716099733,63.24947782612748,46.41242711357459,53.8495449207157,High,Structural Inspection Required,100.0
154,30.554683582808327,79.57236318422552,Ravigram,1470.1791065069876,19.169225614310616,1447.0258228479322,71.47951985288243,46.555739238501985,50.53086219454862,High,Structural Inspection Required,92.0
155,30.569569513623318,79.5629497863869,Manohar Bagh,1866.002167508,23.328782862135885,2822.1716735085174,142.23512328563058,70.71379723804685,78.86906589064732,Critical,Immediate Evacuation & Structural Inspection,81.0
156,30.547261658145345,79.55382740908387,Ravigram,1724.6918663471083,27.825799504882998,748.5148358024234,35.57810714595438,45.29742512644762,47.89638574598926,Moderate,Detailed Survey Needed,77.0
157,30.560164066422175,79.55851327717396,Singhdhar Ward,1646.815077430393,22.51308873816453,1626.8698307472866,80.68612855900601,69.19640642838728,69.90260561026159,High,Structural Inspection Required,98.0
158,30.56284858845986,79.56089246889195,Ravigram,1906.253467094903,41.07345576019993,1733.8465858827167,90.82256515134338,63.95779087676122,72.47184136086521,High,Structural Inspection Required,99.0
159,30.54712912631977,79.56937751723994,Sunil Ward,1836.5701070656798,29.90974951638251,2042.8931624696736,99.9608369372926,50.718629881666615,60.85203422995834,High,Structural Inspection Required,100.0
160,30.561846490458354,79.56712334914006,Manohar Bagh,1715.3882053894908,32.348777860498174,1548.9915767354478,69.416693333079,49.74167475801788,57.7591432004255,High,Structural Inspection Required,98.0
161,30.551033493981578,79.56068290177693,Ravigram,1607.9543401993658,31.628812686674127,1654.0252697520511,91.44918300862966,62.72065760482543,68.04284130576966,High,Structural Inspection Required,97.0
162,30.558969174917806,79.57959545746378,Singhdhar Ward,1930.8685992420217,36.73473857485325,1304.1757162891045,72.11605620790766,78.69013082611391,79.56114302231813,Critical,Immediate Evacuation & Structural Inspection,97.0
163,30.559005891322826,79.5681732445807,Manohar Bagh,1897.5301766937991,26.81021558703707,1634.5634706225537,75.26686005559961,52.23062946231366,58.43766787454601,High,Structural Inspection Required,99.0
164,30.55607324052224,79.55711680375208,Singhdhar Ward,1785.1236204330926,12.031680520441535,1328.4038622512949,69.86873213879072,59.63344852800139,57.44662169344107,High,Structural Inspection Required,96.0
165,30.54270869310163,79.55305347417861,Marwari,2076.99554940715,28.996879517526416,1810.7859449280254,88.02442339364455,56.2251157732223,63.27374200975241,High,Structural Inspection Required,100.0
166,30.565059074867676,79.55458577417552,Sunil Ward,1639.4872850510772,18.48643106208171,1315.194831978183,67.07717767556444,34.17384120325636,40.08729795566187,Moderate,Detailed Survey Needed,100.0
167,30.54962340194915,79.55737873185153,Marwari,1571.1712243612892,19.713833182502434,1688.5501969510933,85.89863049262215,46.9667029419581,52.54187543712601,High,Structural Inspection Required,98.0
168,30.545595555311994,79.55482044119779,Sunil Ward,1696.2137895178134,30.86364018755093,1485.3685931575108,73.09639065629393,36.66414949242531,46.9654086977857,Moderate,Detailed Survey Needed,100.0
169,30.541223254246642,79.55559701072154,Ravigram,1793.1620975466753,37.38283071433636,2063.0251253860843,99.23242794137224,63.74151216307084,73.22228808432666,High,Structural Inspection Required,96.0
170,30.557726788295646,79.55855285506081,Manohar Bagh,1836.5009173984038,25.212715767360617,1474.3031382057568,70.26245164870654,38.09654188992476,46.19579995297492,Moderate,Detailed Survey Needed,100.0
171,30.56032693085527,79.55520120785884,Ravigram,1763.8145913215506,28.08833012598964,613.4837658965592,26.093228717421752,41.328605298752315,44.11447595090439,Moderate,Detailed Survey Needed,100.0
172,30.540497634867833,79.57690296273879,Sunil Ward,1852.8083094771446,42.02214944635238,2130.960750356996,102.38892647669758,73.22143426391372,82.31089207175482,Critical,Immediate Evacuation & Structural Inspection,97.0
173,30.55536279174898,79.55240701236984,Sunil Ward,1612.2690863714333,27.40753179488568,1047.1338495686905,52.02080102818775,44.865620654195276,49.32457887223338,Moderate,Detailed Survey Needed,76.0
174,30.546794873255937,79.5657353416871,Sunil Ward,2016.564690610989,51.01683114180395,1173.11683067559,55.07704158822575,69.94160852570778,76.60992655170908,Critical,Immediate Evacuation & Structural Inspection,75.0
175,30.559355183712285,79.56231190480969,Singhdhar Ward,1787.6773232411147,30.65509645631544,1202.169352978254,63.5187279774758,68.83511295417091,69.5172131489673,High,Structural Inspection Required,96.0
176,30.54523099287015,79.57947135850726,Manohar Bagh,1967.5943747382191,7.3923724084418225,2187.2190465854087,116.79718310595008,54.68986884811627,57.65918690716699,High,Structural Inspection Required,94.0
177,30.560728132143073,79.55336116706503,Ravigram,1851.4088019566557,32.53341621104533,432.16289301065217,18.707878443682393,41.300054323242904,44.35161749721299,Moderate,Detailed Survey Needed,95.0
178,30.551602060389015,79.56193566797137,Ravigram,1868.5129828730676,28.811583848827777,3068.874266829997,154.64073584417673,73.25871139622052,84.09295405040075,Critical,Immediate Evacuation & Structural Inspection,93.0
179,30.568101899662103,79.57908411299826,Marwari,1885.4650920348306,37.897527540827454,2028.0284045330259,103.89984577816597,72.16607650202647,79.55548825292479,Critical,Immediate Evacuation & Structural Inspection,92.0
180,30.54412562832438,79.57596521377681,Sunil Ward,1867.1562840025972,31.731813512699585,1611.6194570645798,82.94098420782537,49.73627851044911,57.955977274208024,High,Structural Inspection Required,100.0
181,30.550231990531508,79.57451216212847,Sunil Ward,1896.4084139801316,23.61544016016226,1472.5529996918567,74.00742632417327,41.97200921774342,48.620128874827515,Moderate,Detailed Survey Needed,94.0
182,30.543404205637216,79.55773708481135,Sunil Ward,1999.3728795198647,12.757017637106342,1642.7770374288284,85.85226396324005,37.91834468245859,43.1882007094439,Moderate,Detailed Survey Needed,99.0
183,30.567740808548358,79.5551266276217,Ravigram,1829.4781754552205,22.909767427139748,1760.561214189669,90.43930547288674,47.81471704325775,54.650881904529214,High,Structural Inspection Required,100.0
184,30.56632018060143,79.57005929659773,Marwari,1906.3505636382768,16.494795457907,1822.6077929750286,84.94207753711494,38.395671413658825,45.86895100602115,Moderate,Detailed Survey Needed,97.0
185,30.547738248831454,79.57788127967383,Singhdhar Ward,1786.539645856916,19.194765501952773,1777.8022330017243,93.23589197203259,79.44199532864862,77.58124933024708,Critical,Immediate Evacuation & Structural Inspection,91.0
186,30.559799521381024,79.56670288679041,Manohar Bagh,2016.0175823174209,30.885784044206098,1544.7903406276243,81.67597121771493,52.9171465988302,59.67933501434407,High,Structural Inspection Required,99.0
187,30.564516666006035,79.56714838068409,Singhdhar Ward,1698.5411546911096,41.69904504351406,1401.330789846337,66.25010897142394,84.99679356802284,86.52965797437376,Critical,Immediate Evacuation & Structural Inspection,92.0
188,30.556656024347983,79.5583993728098,Ravigram,2070.1410649366226,28.94671529822981,1424.3633581732443,71.40785708590022,46.72797253228551,53.60918122932071,High,Structural Inspection Required,100.0
189,30.55588951735068,79.57308478799575,Sunil Ward,1793.9763074033485,13.041169379648156,1402.5458598236596,73.54393795523833,28.39310038754744,34.53230707682737,Moderate,Detailed Survey Needed,99.0
190,30.547255568727014,79.55561131245672,Manohar Bagh,1585.3837346822927,29.446026682201406,2066.885048433532,102.29768332377981,60.59641313485218,68.3514517706803,High,Structural Inspection Required,99.0
191,30.542793083034177,79.55971037709213,Ravigram,1819.2156622366183,36.966314866456514,1796.778361140431,95.2038082958516,53.57291950482181,63.692298240702115,High,Structural Inspection Required,100.0
192,30.5669164727386,79.5627630931585,Ravigram,1697.842251378768,18.902170956806177,29.805682667859855,13.309646606489798,23.771460516964538,24.199460653002685,Low,Continue Monitoring,74.0
193,30.5670125417149,79.56522831136053,Ravigram,1926.0965323483085,23.659828333270823,1827.9503882648805,87.46758925006911,43.32656424747334,51.90888349458993,High,Structural Inspection Required,94.0
194,30.558993043718196,79.55727229197245,Manohar Bagh,1702.1064031046415,25.14688194729197,1597.3680973593873,72.9631818522005,56.94284010964777,61.25185141148173,High,Structural Inspection Required,99.0
195,30.55017089373146,79.55344510474217,Manohar Bagh,1733.072485017783,17.1510168691776,1490.6456217770512,76.05137406687695,46.09303932627877,49.81758704337969,Moderate,Detailed Survey Needed,82.0
196,30.55047628723838,79.56831860127325,Marwari,1516.5688903581704,31.48280433843859,1305.740773455557,68.89485119840857,51.38346778663085,57.19305878396148,High,Structural Inspection Required,100.0
197,30.561778670366106,79.55865891659721,Marwari,1732.1540521126385,23.790518513922184,2062.0563599930065,101.94848613042649,60.93549403853904,66.79032533553845,High,Structural Inspection Required,100.0
198,30.56691330779858,79.56743714664267,Singhdhar Ward,1436.4181010056566,29.195324439070276,1973.763231061429,105.95446486967663,80.91101912483053,83.09622387296314,Critical,Immediate Evacuation & Structural Inspection,97.0
199,30.566612592727953,79.55463088145822,Manohar Bagh,1562.4145764771415,16.125078221979,1113.5611660881955,48.98502930579353,35.31296826267172,38.93023456584,Moderate,Detailed Survey Needed,100.0
200,30.56339626637573,79.56443420305564,Manohar Bagh,1914.0621984216446,20.625416996765896,1703.5261435622676,88.64090029327144,49.09165585398772,54.536950120933895,High,Structural Inspection Required,98.0
201,30.55926094938463,79.56597768297655,Manohar Bagh,1917.8700237976248,32.22381357827771,1014.171632729357,47.67927753267339,46.40293452909254,51.80509860189723,High,Structural Inspection Required,98.0
202,30.542524198949852,79.55155470610467,Marwari,1863.8186342677448,21.27166847908233,810.1909176055348,49.10643541131322,43.11103290719367,44.55557046704934,Moderate,Detailed Survey Needed,95.0
203,30.54484886142284,79.56009812834581,Ravigram,1654.953578530618,42.269638512334055,1186.6413877050175,69.29464615109147,63.2665651690937,68.86582322942206,High,Structural Inspection Required,96.0
204,30.566956625655813,79.55403244030816,Sunil Ward,1792.843296578703,21.003638143853976,1931.1967361913794,92.72655387065224,51.06449499040397,57.592775649934595,High,Structural Inspection Required,100.0
205,30.55819287178979,79.55190124911418,Marwari,1799.4596191364146,27.24684725751886,1976.5625226880434,96.08034045485927,47.347142761331384,57.03287651651533,High,Structural Inspection Required,99.0
206,30.5402759115485,79.57969880697169,Manohar Bagh,1626.2452966211185,34.325908318730896,1756.5427100486465,92.12507493733133,55.29801765978681,63.912043224731775,High,Structural Inspection Required,100.0
207,30.54304414628598,79.55967061534923,Marwari,2025.5097452650725,10.816342670669684,1862.5478934239986,91.19174142225236,40.397051895232835,45.84481861721702,Moderate,Detailed Survey Needed,98.0
208,30.55990505307324,79.57429623337563,Singhdhar Ward,1931.6043435863508,7.391911880192239,1758.0891435574792,87.67740108821278,62.68361170200088,61.010742143154374,High,Structural Inspection Required,96.0
209,30.540151847515386,79.55763921964291,Manohar Bagh,1766.8553739255503,9.743436854299052,1179.2592023885238,59.08990222213824,24.87070152671109,29.405603931025997,Moderate,Detailed Survey Needed,100.0
210,30.544824241542525,79.57044508166672,Singhdhar Ward,1804.0328758491796,37.62584103427182,1715.9612723369703,76.19969783586023,95.01896555606763,94.83514381239007,Critical,Immediate Evacuation & Structural Inspection,99.0
211,30.556462013680996,79.57280683579668,Manohar Bagh,1831.2574211921328,19.481418541075534,1900.204762613841,94.94104940022088,56.64941992919455,61.15292307006761,High,Structural Inspection Required,99.0
212,30.56075685593078,79.56786916221823,Marwari,1493.7397697363563,50.58199285668252,1877.1456649067873,90.40864437501851,75.59877919981399,85.21583730192938,Critical,Immediate Evacuation & Structural Inspection,98.0
213,30.55955883778508,79.5641472856565,Ravigram,1762.9233926219104,19.357524013426115,2094.4566857373215,102.25722017486723,51.52336956961978,58.452762621579026,High,Structural Inspection Required,100.0
214,30.546728079283817,79.56235522742442,Sunil Ward,1697.7023628003303,26.84551303197037,1854.151923600532,99.92575619737067,55.393092435281744,62.23655978691317,High,Structural Inspection Required,96.0
215,30.561365376640428,79.56046604799629,Singhdhar Ward,1649.7569985157627,40.421099525678756,1675.7241037707915,77.50367071714331,80.82838853557482,84.69793829182649,Critical,Immediate Evacuation & Structural Inspection,100.0
216,30.547117472624905,79.57788587432744,Marwari,1757.8349560671068,45.06092888159123,2035.0751191582137,105.81978189165058,73.18208026536247,82.63543356223046,Critical,Immediate Evacuation & Structural Inspection,99.0
217,30.549761990944777,79.57491858223364,Ravigram,2069.6529790274285,45.615035766363974,1486.73937037547,72.94215386711446,64.66343747393927,72.8805897179773,High,Structural Inspection Required,94.0
218,30.56239474215354,79.57895080732,Marwari,1896.1264291900516,37.083662305931426,1059.0626743861412,51.55433287682789,43.924426830385386,51.744797706245585,High,Structural Inspection Required,94.0
219,30.559488986971417,79.55372891670456,Singhdhar Ward,1714.3231515325806,35.240625258114626,1418.4665180281181,74.87518538166447,82.32593790721552,82.56992656287734,Critical,Immediate Evacuation & Structural Inspection,99.0
220,30.565476702314825,79.5719260242561,Sunil Ward,1885.8874172034239,30.92526949201183,1127.5486775967754,58.07769035268323,46.387227455290684,52.099507688217614,High,Structural Inspection Required,99.0
221,30.55972838676901,79.57815021370463,Marwari,2009.9033154879003,32.78361076166638,1162.4108625128092,60.97360811173812,39.97993325346759,48.04615135429855,Moderate,Detailed Survey Needed,94.0
222,30.557049258100065,79.55543699198496,Manohar Bagh,1938.6950524369154,19.488142836714665,1427.740664642241,76.22795653477635,39.15697617590713,44.89627108616296,Moderate,Detailed Survey Needed,98.0
223,30.542810243034843,79.551994888021,Ravigram,1808.944555488026,16.81801116577693,1103.7900395000192,53.53296005908435,32.446269283238635,36.912532327379225,Moderate,Detailed Survey Needed,99.0
224,30.551031474091783,79.5722336194787,Marwari,1702.9594833441638,24.96625542589048,1346.0192351804799,64.23977808648525,53.683376053358906,57.13261533972486,High,Structural Inspection Required,100.0
225,30.547956071030452,79.5672341933954,Ravigram,1904.7334970420384,23.298153774750716,553.1926665231072,22.233880693366366,33.09145285047927,35.969410120637804,Moderate,Detailed Survey Needed,99.0
226,30.54731968930137,79.57525486330275,Manohar Bagh,1859.0228078132625,20.46771950672725,1606.6468536864693,76.20529003442869,37.55835477021095,45.12420157204392,Moderate,Detailed Survey Needed,94.0
227,30.569190316642572,79.55419317129879,Sunil Ward,1934.2789830041597,31.963874474567152,1500.602737681112,89.77560901059924,59.933963729921686,65.06446462412406,High,Structural Inspection Required,100.0
228,30.551792931740003,79.5738580193558,Sunil Ward,1895.2757702522954,34.553052085705104,1091.4556844659046,60.79618212697916,43.144776361966,50.55808478158661,High,Structural Inspection Required,90.0
229,30.566761396655313,79.55604881960143,Manohar Bagh,1957.4329072979003,25.884068862918472,1829.6228342162026,84.72576987977003,56.53844132370116,62.64651696532136,High,Structural Inspection Required,100.0
230,30.558934158779916,79.55490967828597,Ravigram,1719.7147182659148,39.77530081055262,1968.7850688132792,91.8269636569461,62.012706486436535,72.07112253690505,High,Structural Inspection Required,97.0
231,30.56384433910625,79.55492797393792,Marwari,1997.6091098451489,13.58310885866495,696.220067815513,37.220333699368105,26.564406253046535,28.850415458356366,Moderate,Detailed Survey Needed,100.0
232,30.555079112793155,79.57443724160694,Manohar Bagh,1829.63994070386,23.06340540720282,1118.6376107168928,58.66820452273448,47.68016892029355,50.53878016176046,High,Structural Inspection Required,91.0
233,30.55730711653879,79.56995591662088,Singhdhar Ward,2111.2891308937897,17.83177679397195,1115.4288251063508,58.515860431904365,55.38436172182762,54.70984238904752,High,Structural Inspection Required,93.0
234,30.554775530814567,79.56569196274307,Ravigram,1696.621827286565,6.3346338292694,1030.0484494455677,50.2276435045099,18.150409189203533,22.285878708626804,Low,Continue Monitoring,91.0
235,30.54585728963394,79.5607649145237,Sunil Ward,2060.3945704747875,24.17319314157301,1914.7374209658742,95.10959974827922,49.95343780601215,57.64772847683199,High,Structural Inspection Required,98.0
236,30.561673563457845,79.5763160162244,Manohar Bagh,1829.6866175193973,23.782524916167166,1403.0869306135983,71.7937441514767,50.756037433473324,54.89823260630358,High,Structural Inspection Required,100.0
237,30.548423170873225,79.56177335322268,Sunil Ward,1702.2872994578327,40.13449743242131,1367.7425793446946,68.81659399870138,50.15584576816325,59.38869922163341,High,Structural Inspection Required,99.0
238,30.540729478992944,79.57449798318414,Ravigram,1727.4171248918517,31.308116845547776,498.0688177966233,13.806939026093492,20.027797193713425,28.241593053141283,Moderate,Detailed Survey Needed,77.0
239,30.559364168877217,79.5631740472571,Sunil Ward,1751.947903770852,14.75813175670795,1817.7090151046132,89.73645260235469,41.47164689402777,47.622729742275,Moderate,Detailed Survey Needed,98.0
240,30.54531332038221,79.56130833288275,Manohar Bagh,1863.6248919602874,43.54092566334188,880.3708025732637,39.76150795736162,54.5198969174366,60.69516244260177,High,Structural Inspection Required,99.0
241,30.568213757530586,79.56388039357009,Ravigram,1878.425323205325,37.21033695525353,1529.966315133164,77.37437285120076,63.981890168257195,69.97984774425099,High,Structural Inspection Required,97.0
242,30.568617857310077,79.55904133622492,Singhdhar Ward,1713.944999409213,30.82097703468616,1638.688468979096,96.86071846197186,81.39919035591349,81.86199055395524,Critical,Immediate Evacuation & Structural Inspection,99.0
243,30.567445931706615,79.57242828140528,Manohar Bagh,1796.3468111608527,22.73515901150168,2180.3292979193257,110.85387322333781,54.38715614062268,62.23622670238588,High,Structural Inspection Required,99.0
244,30.551104761007664,79.56508161170277,Marwari,2121.3405537917797,15.405607632765202,845.5898004404439,40.711841591160216,35.307542254838964,37.00441365378184,Moderate,Detailed Survey Needed,98.0
245,30.540463698495866,79.5569663808544,Manohar Bagh,2059.1314755151066,21.27793223928947,-9.756077910412614,4.121203614365631,13.909998377264161,17.21843195510552,Low,Continue Monitoring,87.0
246,30.567849556877633,79.57698723719824,Ravigram,1865.448550451105,35.88748619704186,1591.9247723768474,82.00967805488844,56.37028849818497,64.1784337486613,High,Structural Inspection Required,100.0
247,30.55284552444952,79.5615167366412,Manohar Bagh,1805.7005217252301,43.84586305934609,2400.255590755427,122.11325199003056,77.66278549411132,87.95972030455751,Critical,Immediate Evacuation & Structural Inspection,99.0
248,30.56899964457131,79.56630658583342,Singhdhar Ward,1818.0046990077392,40.43243528272189,2119.4731764697185,109.00791178956429,97.29441536947198,100.0,Critical,Immediate Evacuation & Structural Inspection,100.0
249,30.568908599312678,79.57719416332894,Singhdhar Ward,1892.0276959095625,20.111505782137257,1604.8297076373128,90.52420320601335,70.69743212155939,70.14288628548407,High,Structural Inspection Required,96.0
250,30.565590283664022,79.56872713987742,Marwari,1646.581115220239,13.803825667109887,1254.1819071839764,57.05465318256924,33.33166154698789,37.582277012672215,Moderate,Detailed Survey Needed,100.0
251,30.548833466762087,79.55350694122124,Sunil Ward,1761.3935193864982,26.40886246911204,1903.5612983186552,97.54622529999004,42.9493207982217,52.96976422596343,High,Structural Inspection Required,89.0
252,30.55155293185806,79.5781949637084,Ravigram,1549.7123889183615,7.315606344371485,1013.2269001477657,46.0294393574806,21.370074821072127,24.932412030620256,Low,Continue Monitoring,85.0
253,30.565534100145506,79.56883124159214,Ravigram,1859.883468390792,28.231677141847815,1738.1788846781096,89.68650746561673,56.75883751593561,62.97771701962428,High,Structural Inspection Required,100.0
254,30.54950766015469,79.56004716843971,Sunil Ward,1897.079390955411,23.52397413701331,1752.7350795833133,83.0433214217352,43.82070556485781,51.76529187564246,High,Structural Inspection Required,93.0
255,30.545084782400583,79.5541781621799,Singhdhar Ward,1727.5220306550939,20.339634981317577,2030.10495374944,99.41841361944658,76.39215317883603,77.22443757266656,Critical,Immediate Evacuation & Structural Inspection,87.0
256,30.55670403787375,79.57382075567811,Singhdhar Ward,2036.098014493505,9.052969327332045,2879.8300194555386,142.51605140158742,82.23155338635536,83.45922085218461,Critical,Immediate Evacuation & Structural Inspection,92.0
257,30.568084643224825,79.56860218267785,Manohar Bagh,1616.1351505496489,30.136001065697165,1696.2079835893835,89.68948277619273,54.302899681126725,61.45103037358018,High,Structural Inspection Required,100.0
258,30.56088089390025,79.56600383275929,Marwari,1580.343767968527,19.672991603380886,1245.5181871462505,66.8681815770246,41.651166610794945,45.69495229725512,Moderate,Detailed Survey Needed,99.0
259,30.55710183510268,79.57681677749153,Marwari,1833.6677727839958,13.30083164289712,1487.2128439040027,68.13205531296822,31.2666190817851,37.329856754252276,Moderate,Detailed Survey Needed,100.0
260,30.542915294813124,79.57365791633673,Marwari,1957.0647453918232,-3.7226221328164932,615.4620475554409,31.04777293277129,10.30317777509796,10.531534759436676,Low,Continue Monitoring,90.0
261,30.558450216800974,79.55455024639198,Manohar Bagh,2052.5891537186803,24.724850949493636,1152.643434455471,54.08427244902769,44.056243342249324,48.52952097181551,Moderate,Detailed Survey Needed,88.0
262,30.569701615503128,79.55935166203386,Marwari,1731.167360569659,42.72251596669744,1295.358780943448,58.47541449379573,57.50550192633885,65.3254129863494,High,Structural Inspection Required,97.0
263,30.544202520457095,79.55745467419443,Sunil Ward,1961.8021250146944,41.6125921454787,1237.9558010327037,60.812704799513334,53.60122880841728,61.6494119113417,High,Structural Inspection Required,100.0
264,30.555549889570912,79.57231838877718,Manohar Bagh,1794.223729574894,20.429037434137282,1576.177436016861,77.26645785856397,45.64424932633298,51.05413730776367,High,Structural Inspection Required,88.0
265,30.56632119215784,79.55100597304207,Sunil Ward,1774.105905008877,18.977879396382193,1088.7900338088998,66.5730841221726,43.727277706940626,46.05944407484749,Moderate,Detailed Survey Needed,98.0
266,30.562223058532627,79.56709669054614,Manohar Bagh,1932.548990623001,29.687742560750237,2060.5153336622357,105.19056580991527,50.05765739868738,60.39178562424395,High,Structural Inspection Required,98.0
267,30.560910472229857,79.57287376057222,Marwari,1897.848431762013,15.016145608117085,1500.1035324590985,68.11708911918373,43.243413547028275,47.04046925694287,Moderate,Detailed Survey Needed,94.0
268,30.561074522519615,79.57630296910285,Sunil Ward,1563.5411764523626,28.01791899819466,1495.3498394306928,71.94362195067993,47.316148090354346,54.210630257893314,High,Structural Inspection Required,98.0
269,30.55078473453659,79.56026245246147,Sunil Ward,2021.4810524588843,32.660802783846904,1336.052641743541,71.90954856432406,54.828956462575896,60.37121338278306,High,Structural Inspection Required,100.0
270,30.548807755327935,79.57463771914016,Sunil Ward,2007.0137031221177,37.26933223884308,1577.5953419294897,89.32198096082412,67.59829469754783,73.04341831142479,High,Structural Inspection Required,100.0
271,30.564280834664356,79.55331895210865,Manohar Bagh,1706.1655947735705,23.99845923520047,1912.5491323338174,87.6975400555011,43.64966091865837,52.79594799630457,High,Structural Inspection Required,97.0
272,30.564303401840377,79.57539356875203,Ravigram,1859.3705300156114,22.963262498230343,1066.4348921445498,43.92212268153227,33.000041790906224,39.03918310188,Moderate,Detailed Survey Needed,100.0
273,30.566012169557403,79.55382465986996,Marwari,1874.1045279424109,16.220174132434387,1170.9417554623717,67.9019136499775,36.903969921562236,40.530188963908024,Moderate,Detailed Survey Needed,100.0
274,30.567397216576694,79.5619186187168,Sunil Ward,1839.101064873586,16.7311964596014,1348.1369856116676,69.35492016743791,35.272665612290346,40.574382449414784,Moderate,Detailed Survey Needed,98.0
275,30.55534027196583,79.57391886097338,Ravigram,1717.454226923187,22.735211080984733,827.0645382633926,37.011763253787805,42.96638072010817,45.015171731501496,Moderate,Detailed Survey Needed,94.0
276,30.555045488840616,79.55449752282045,Marwari,1699.2564948092922,28.673655068161782,1090.371070139251,57.19169893757473,40.81257326666788,46.92313665356889,Moderate,Detailed Survey Needed,100.0
277,30.563948855369002,79.55687754185698,Marwari,1796.1668893512833,34.13584626233249,1261.8895632276706,49.915739466299144,44.50566495232141,52.53628290594181,High,Structural Inspection Required,90.0
278,30.55949891792333,79.57166757705178,Sunil Ward,1975.9093528889048,16.96821049319655,1937.1945903563637,96.876607050804,48.65949566781332,54.530304493116034,High,Structural Inspection Required,96.0
279,30.56105900631773,79.57160109609639,Sunil Ward,1881.540023189165,39.92688568959522,1631.2806645009625,83.20313908926356,55.8917026480748,65.34112106415144,High,Structural Inspection Required,100.0
280,30.56387378008308,79.56923442898656,Manohar Bagh,1744.407850187084,22.288763989574313,1596.794955683772,84.46109848187776,46.19093717744146,52.18717711927903,High,Structural Inspection Required,97.0
281,30.566700160254527,79.57081845333401,Ravigram,1915.7548065972517,24.78632705651564,1925.4489810839862,91.20296929273663,53.77721873928437,60.810402561901654,High,Structural Inspection Required,100.0
282,30.550139854705545,79.56628173330043,Ravigram,1372.7186069054887,17.527883208521764,1431.3141058003016,71.99414109703189,38.95624687401442,44.14687886832401,Moderate,Detailed Survey Needed,98.0
283,30.5512674885792,79.5575539717672,Sunil Ward,1972.3148550558155,0.7575973972705832,1695.2324249644448,80.13449811792431,29.179493058694018,33.09630041584839,Moderate,Detailed Survey Needed,98.0
284,30.542819458195225,79.56037087980512,Marwari,1539.0429331832852,33.8404539636105,1448.389123533752,73.69637495505918,51.534615095164305,58.9549519560904,High,Structural Inspection Required,100.0
285,30.557348404229884,79.55544793150403,Sunil Ward,1745.6338587895302,32.36843897092433,1632.6811746998142,77.15732712317559,46.46959776778831,55.811948499161076,High,Structural Inspection Required,99.0
286,30.5410782682139,79.57725351684,Marwari,1632.0495158060785,22.186724428817865,1208.620671194209,58.39052936390935,41.87450440892329,46.4257727112671,Moderate,Detailed Survey Needed,100.0
287,30.553967940543973,79.56750175384298,Marwari,1605.7977786418642,25.66990717224872,280.59142086178554,9.050494069138132,37.02573931677662,37.980615588969044,Moderate,Detailed Survey Needed,95.0
288,30.55627933904123,79.56202554250291,Sunil Ward,1974.1240181067778,30.159392177040996,1432.8604189068478,74.89870215446068,51.68913254188819,57.81032096134834,High,Structural Inspection Required,98.0
289,30.54859623756385,79.56386017410932,Singhdhar Ward,1729.8448198032163,9.374541431134574,2211.37406804997,114.86095898578182,73.08424142687996,72.39442710044764,High,Structural Inspection Required,80.0
290,30.55772499781707,79.57841850018835,Ravigram,1851.9755822596073,19.709473226537053,1963.1077011207963,96.98228220625275,53.325877018689766,59.10113525522913,High,Structural Inspection Required,100.0
291,30.54091500749817,79.55460054209348,Marwari,1792.9619131681225,32.94264679621827,1982.6987422955854,99.32612708957942,54.80530308111495,64.53081268756168,High,Structural Inspection Required,100.0
292,30.541120445662475,79.5675868949605,Marwari,1871.5561240834681,12.457105768307507,2118.0653609031087,98.66031097198773,53.07635119689035,57.59887532622609,High,Structural Inspection Required,96.0
293,30.56467801681979,79.56517666036653,Singhdhar Ward,1811.5232836590383,27.935579321666292,1544.3287954807188,75.71805653400202,76.07552439964765,76.3141535058719,Critical,Immediate Evacuation & Structural Inspection,83.0
294,30.550805719242337,79.56834362706304,Manohar Bagh,1607.5511663717145,11.43418195376595,1598.6578537027979,79.68186959993118,46.21119093843765,48.78289480027827,Moderate,Detailed Survey Needed,79.0
295,30.543811815379556,79.55054330551462,Singhdhar Ward,1949.440022917071,29.664299824335263,1191.174052282825,72.66266806929113,71.8650753026356,71.43332474588043,High,Structural Inspection Required,91.0
296,30.555667297801644,79.57616371726833,Singhdhar Ward,1725.9365125258032,24.643585177025166,1341.963571986475,61.53834347045294,77.26668079554514,74.89773882136065,High,Structural Inspection Required,76.0
297,30.56309980659296,79.5779635484745,Marwari,1566.5127152010373,8.848681840944906,1807.8855748855708,97.71516493804074,45.26927242434206,48.57376089928921,Moderate,Detailed Survey Needed,89.0
298,30.546474630824903,79.56695399550767,Ravigram,1735.782725855113,36.64739354457171,2101.9422185844082,110.08140479654946,70.10753670388401,78.06578584076642,Critical,Immediate Evacuation & Structural Inspection,94.0
299,30.558686714274568,79.57089952471631,Singhdhar Ward,2025.1139685951466,17.654084232019507,1430.2768621595003,72.9170251304257,67.16849719650907,65.58499078260124,High,Structural Inspection Required,97.0
300,30.542560423949812,79.57767498143532,Manohar Bagh,1927.533261317024,16.89747562985619,1274.9053675742941,72.53837079969038,39.03684865341982,43.019842220950046,Moderate,Detailed Survey Needed,100.0
301,30.541550451635057,79.5712171590294,Sunil Ward,1747.7021798388212,27.005691972309428,1500.2639794282986,76.87372633444924,55.66932977055168,60.259308156566114,High,Structural Inspection Required,100.0
302,30.555940638947042,79.55457617128742,Singhdhar Ward,1747.6113443522356,36.48637349428715,1800.6033744645574,91.97596470156752,87.48368755514021,89.29302764579947,Critical,Immediate Evacuation & Structural Inspection,98.0
303,30.556219053648302,79.567288650805,Singhdhar Ward,1751.7547423173926,14.84178181021603,778.0725919332291,38.638026331573734,43.629484829709185,42.71319184877163,Moderate,Detailed Survey Needed,100.0
304,30.559122897044947,79.56820145139149,Manohar Bagh,2111.5121975341262,25.616798498479717,351.9095234313809,23.71332058366218,27.021502665347413,30.82447414309754,Moderate,Detailed Survey Needed,97.0
305,30.56178274001168,79.56272392013906,Ravigram,1857.290317834733,29.28816500330573,1224.731575254208,66.71892493176483,47.51698072121029,53.05356694740075,High,Structural Inspection Required,99.0
306,30.569275562383876,79.57209332706874,Singhdhar Ward,1864.5062470786604,31.931056072631442,889.6437870429207,41.353802914664975,69.50098064833242,68.44981982768475,High,Structural Inspection Required,96.0
307,30.555489010449037,79.57803101044307,Singhdhar Ward,1954.5425181047763,26.764415552772252,1245.9299011763446,55.7002590858234,67.83866772346535,67.80793353401215,High,Structural Inspection Required,97.0
308,30.549688694188237,79.5777670553872,Ravigram,1835.818373853977,21.329721609166775,1426.1098405912642,70.29058884258492,49.245807889077206,53.1225797358315,High,Structural Inspection Required,97.0
309,30.56385558584306,79.56352518114213,Manohar Bagh,1761.1436781268944,16.724097793512804,1273.3757954884934,59.668596952436445,26.524348000348052,33.462065651173376,Moderate,Detailed Survey Needed,100.0
310,30.548124967537863,79.55339714137521,Singhdhar Ward,1770.5475226372532,25.861438830463747,2226.233767235373,110.99406548869187,84.70531039350436,86.51729541942036,Critical,Immediate Evacuation & Structural Inspection,97.0
311,30.55316914262117,79.57954523596887,Ravigram,1789.2598110878905,14.27860988014393,1663.37238230116,89.35580978847871,34.13973471372299,40.932581983499574,Moderate,Detailed Survey Needed,100.0
312,30.54235369144027,79.57516694259337,Singhdhar Ward,1794.4166645235237,-4.213504834946072,1650.2371798054141,80.22535071483676,54.49536282391501,50.44759220506067,High,Structural Inspection Required,89.0
313,30.540760522302463,79.5537398804361,Sunil Ward,1909.144431545547,29.36559804157668,1811.103572021701,90.34106169452718,55.122503369409486,62.55575462192338,High,Structural Inspection Required,100.0
314,30.56887945244034,79.57762525647851,Marwari,1807.791882871095,34.039348410861955,930.5834411096155,46.819285729522754,48.37531430766698,53.34700283597278,High,Structural Inspection Required,99.0
315,30.565079403615368,79.57609689086186,Sunil Ward,1909.896011582337,1.3706756445816168,2019.5558937101343,105.21994909653314,33.34311044167641,38.49961677014064,Moderate,Detailed Survey Needed,98.0
316,30.56087922618281,79.56556514171378,Singhdhar Ward,1787.8925129837125,14.902692952900624,1462.11785673227,61.87144616669048,66.8809128706164,64.69832587319766,High,Structural Inspection Required,99.0
317,30.552268588332428,79.56773826307234,Manohar Bagh,1811.7952785474135,31.19154261005198,1835.2403086206064,88.72851395720383,61.78041159549699,68.33697866329892,High,Structural Inspection Required,100.0
318,30.545198829602125,79.5619700811161,Marwari,1500.2698973201839,45.574954697116986,964.0713834799222,49.25998763539348,59.155681563371076,65.38456728720145,High,Structural Inspection Required,98.0
319,30.544693111280132,79.55164284916466,Sunil Ward,1937.4491512053721,25.207937076754078,723.1206169919678,42.1564256317327,37.16569111660587,40.738665611438435,Moderate,Detailed Survey Needed,99.0
320,30.54750728694494,79.56005591724937,Ravigram,1851.9732713846988,17.719970587708655,1908.9448290125142,92.98772921309468,49.97158166057099,55.5848320793469,High,Structural Inspection Required,100.0
321,30.556476799941183,79.57408560345795,Manohar Bagh,1949.7015164789477,23.171035588951597,1688.2047630487582,75.02747462222854,42.5106080178931,50.25174533887197,High,Structural Inspection Required,75.0
322,30.561437877681,79.55013896069013,Sunil Ward,1365.5616932709465,38.74876419148185,1048.974222821245,55.54726837089293,56.94097015955692,62.08311287194539,High,Structural Inspection Required,100.0
323,30.559805921301532,79.56000497515073,Ravigram,2113.256205717109,18.540358208754647,1065.1684593626528,50.081611024004495,43.10417434582467,45.299031789537345,Moderate,Detailed Survey Needed,94.0
324,30.54839801690838,79.56194506080773,Singhdhar Ward,1779.061555776724,17.008079933497463,2062.717392207385,97.18753631491744,78.11577764116913,77.6851587693828,Critical,Immediate Evacuation & Structural Inspection,88.0
325,30.568645958419896,79.56612186808813,Ravigram,1966.2274225106275,20.172564778179677,905.2940535663361,42.14297572975069,30.132932192431902,34.962858109575414,Moderate,Detailed Survey Needed,100.0
326,30.56213690750087,79.57759566849238,Sunil Ward,1644.0141109311703,15.466713917412877,2321.336476627982,115.14419704311986,53.72371683323178,60.32664348753553,High,Structural Inspection Required,97.0
327,30.55663062157534,79.56039037983098,Sunil Ward,1891.9160857593854,26.226703159947956,1049.6896326760657,49.46075831111222,34.35388230249879,40.992137952350205,Moderate,Detailed Survey Needed,100.0
328,30.55835162238703,79.56040859605689,Singhdhar Ward,1641.9876655239516,41.246784584695604,1819.1959628041914,79.93196785471423,89.83896958004912,92.70243902151377,Critical,Immediate Evacuation & Structural Inspection,98.0
329,30.552588001872834,79.57212503744329,Ravigram,1706.4346558956292,28.230792731160292,1335.6907621255077,71.26986909071105,51.21861197645425,56.2292930089029,High,Structural Inspection Required,99.0
330,30.547431929685033,79.5635665382267,Ravigram,2087.1047030800178,22.476464978737123,1801.5937155411716,96.4540609834522,42.56830858036454,50.79285681407553,High,Structural Inspection Required,90.0
331,30.550679180359538,79.5567381446882,Singhdhar Ward,1771.397639885498,22.081887310844557,1227.9429989429036,64.65475990384272,61.25301860026664,61.217371992531234,High,Structural Inspection Required,100.0
332,30.56273538331393,79.56357318548397,Ravigram,1832.6149309769585,9.36809191303343,1418.603546963853,65.24174899606858,30.65130374552848,35.18598335432347,Moderate,Detailed Survey Needed,100.0
333,30.54043180465889,79.55422571061139,Singhdhar Ward,1930.5101596033132,33.83109777147159,1520.4595876978606,75.01552171515544,78.06523599601977,79.53657648200036,Critical,Immediate Evacuation & Structural Inspection,96.0
334,30.543482179215207,79.55529160959519,Manohar Bagh,1874.3522831958908,24.22162802987198,998.9062721092637,49.9127070293159,33.30372985559832,39.240443656921194,Moderate,Detailed Survey Needed,100.0
335,30.54138007926065,79.56495103318218,Sunil Ward,1822.5628357715364,23.195200864093742,1870.4121727100628,96.5145805833127,54.455428513029716,60.47399312760123,High,Structural Inspection Required,100.0
336,30.54122186406957,79.56256776348513,Manohar Bagh,1854.7441503699338,56.93107567844861,1243.3932167642074,65.51136328180078,71.45563757200168,80.07260605053939,Critical,Immediate Evacuation & Structural Inspection,86.0
337,30.56566381752033,79.57744537703203,Marwari,2160.5123377857412,27.987529083656863,1385.7000423299908,65.61413312260706,46.10291754381501,52.58727376675536,High,Structural Inspection Required,98.0
338,30.5611097357814,79.5608718169735,Marwari,1791.3571804449623,17.482089499048158,1002.8253126957438,50.551243416855,30.37208712350321,34.9104195009051,Moderate,Detailed Survey Needed,100.0
339,30.55422521487262,79.56741765050833,Marwari,1830.164857007245,20.736424037944566,218.8331706023448,13.228060553193448,30.801093028396505,31.307868897282976,Moderate,Detailed Survey Needed,89.0
340,30.542935024819528,79.56896792863759,Singhdhar Ward,1957.5981594011419,36.48445709196755,1404.4861186999156,77.50341754572962,90.71562650273441,89.24004220640171,Critical,Immediate Evacuation & Structural Inspection,97.0
341,30.554748476253504,79.55039283369764,Ravigram,1965.8288899436975,26.132704105377645,2706.307710806458,138.83791823944654,65.1397313369034,74.79383512616496,High,Structural Inspection Required,75.0
342,30.55420415312342,79.5699061211605,Manohar Bagh,1978.054545834057,10.617220216826333,1892.302143949012,98.56039063432819,40.00105877798542,45.669551155614485,Moderate,Detailed Survey Needed,99.0
343,30.5451960560973,79.55534107900608,Manohar Bagh,1895.8095333043777,34.19228934575204,1490.3698101328027,74.93762364628694,57.29115689754769,63.69911811370705,High,Structural Inspection Required,98.0
344,30.553015549477138,79.57883210952409,Manohar Bagh,1628.5492630904275,18.31855914461006,1368.554585395866,75.48002499581082,40.50870791569636,45.17789316908469,Moderate,Detailed Survey Needed,98.0
345,30.55195514203192,79.55445988183259,Manohar Bagh,2045.0147298451643,43.73297776217545,1511.2329464060233,77.61046130009865,62.57253459645379,70.85410349346549,High,Structural Inspection Required,95.0
346,30.558475502941565,79.56243872371181,Marwari,1628.0481910471967,35.80048065714649,1773.559557587605,84.3725383285124,62.650411782894274,70.06408309760481,High,Structural Inspection Required,99.0
347,30.55905280952603,79.55256049004235,Manohar Bagh,1845.395319785855,20.526781043412488,909.5935923455776,52.496529467904836,27.62360323756498,33.19817913605122,Moderate,Detailed Survey Needed,100.0
348,30.541359120293162,79.57990622755538,Ravigram,1686.8586224970963,37.81016361735113,2057.160847334436,106.34755872941695,73.74391013696933,80.90917143817008,Critical,Immediate Evacuation & Structural Inspection,95.0
349,30.551238378438793,79.56506585030994,Marwari,1790.379248011051,25.678555105274032,1857.690657720622,90.6693127803887,53.10704053998254,60.15558767010473,High,Structural Inspection Required,100.0
350,30.558775797471426,79.5678615505196,Manohar Bagh,1849.3143615455222,33.52773675122219,1859.0928628539673,90.55717830570215,56.931877169877495,65.54771449152186,High,Structural Inspection Required,100.0
351,30.555094087757404,79.55201229432166,Singhdhar Ward,1848.203582317541,29.84732817294475,1719.2378694048637,87.444771195947,79.66512312603265,80.74782529446645,Critical,Immediate Evacuation & Structural Inspection,98.0
352,30.56569469523565,79.57249881411197,Sunil Ward,1863.2881131352926,16.536433450091266,1509.808328846995,77.80634041868768,41.38319566078191,46.17107582743745,Moderate,Detailed Survey Needed,98.0
353,30.559760808948568,79.55629716779286,Sunil Ward,2042.0566903587971,18.56450167682538,1836.43061798341,92.80799222732654,39.03799249243364,47.09796873948729,Moderate,Detailed Survey Needed,97.0
354,30.54488803281244,79.57694162868322,Sunil Ward,1868.030145227097,35.29960817581161,1795.907066870689,91.35189671074889,68.11994669114014,74.19680008702288,High,Structural Inspection Required,93.0
355,30.54211706242201,79.55615418921445,Marwari,1763.3765047064028,21.652246678934592,1322.979644529488,74.6487690993563,44.92305623430766,49.29280057029971,Moderate,Detailed Survey Needed,68.0
356,30.55927257834619,79.5557206316199,Manohar Bagh,1944.6130752432537,20.963515367580033,1213.1991135515495,66.0176714387519,43.79112437792647,47.52217969283048,Moderate,Detailed Survey Needed,95.0
357,30.540795339316247,79.55109649003543,Marwari,1978.4205733386962,15.44877420650647,1550.9281476309934,78.49958533787479,45.66664381943783,49.337092436451336,Moderate,Detailed Survey Needed,83.0
358,30.557573267438205,79.56416200835329,Ravigram,1615.8588277294511,29.23599065593461,2274.510075747594,118.43205669121711,58.81259724431132,68.24438155035905,High,Structural Inspection Required,98.0
359,30.56820690724275,79.56694523399787,Singhdhar Ward,1889.6100104774787,45.625249192431454,880.4464621730496,38.85970359101478,80.52546992642574,81.08510922882613,Critical,Immediate Evacuation & Structural Inspection,91.0
360,30.557264225336276,79.55197125918285,Singhdhar Ward,1905.1759113466348,14.32467085745727,766.23736712378,40.301503605923045,52.21198231324876,48.98647382664291,Moderate,Detailed Survey Needed,79.0
361,30.551645097786196,79.57326582850085,Sunil Ward,1755.3654744960013,25.24219456672758,1582.3804206182583,88.16555277957846,55.87727536333808,60.37877284155122,High,Structural Inspection Required,100.0
362,30.55929864655327,79.56359866504243,Sunil Ward,2006.356021996743,39.12220555415429,1525.443850928009,75.18196306943858,48.21621626239753,58.59415263648123,High,Structural Inspection Required,98.0
363,30.553747586714746,79.56573170807982,Sunil Ward,1777.491661945121,24.20358608754285,1586.670832185204,75.09537196616479,46.39600895867737,52.88408300443902,High,Structural Inspection Required,100.0
364,30.55636850367948,79.56322288240814,Manohar Bagh,1818.8364680207314,29.52371796249734,1621.9765989542502,77.83838550474721,48.95638674250223,56.73171420333748,High,Structural Inspection Required,100.0
365,30.568243944263298,79.56202289182626,Ravigram,1774.0392263574195,14.376064718531204,1388.3988726825974,63.971778447417925,37.85370006222112,42.04266265285368,Moderate,Detailed Survey Needed,100.0
366,30.551583079134023,79.56678920993924,Ravigram,1802.33685713722,29.283070972076487,2244.931719301041,108.32277642441355,63.27351064182626,71.45677166993933,High,Structural Inspection Required,98.0
367,30.568835716914716,79.55465720737791,Ravigram,1635.5587369657196,23.128557349954512,699.5480107617423,33.12486004513697,29.902174419394576,34.421412440628416,Moderate,Detailed Survey Needed,100.0
368,30.56716051925868,79.55545784391485,Ravigram,1583.9923676108558,34.85729995679863,1085.7514876098771,47.25973928460065,43.50289242993888,50.88990518707646,High,Structural Inspection Required,89.0
369,30.545873734043678,79.57585356863041,Sunil Ward,2039.1757594837459,36.87386051564751,1448.3726199254763,72.49672266602184,55.694778369537914,63.07012606002601,High,Structural Inspection Required,100.0
370,30.542080839026255,79.578383463864,Singhdhar Ward,1672.9557977522509,50.895636420186136,678.4055944229164,38.43166559007906,77.76279767659659,79.37775639774267,Critical,Immediate Evacuation & Structural Inspection,90.0
371,30.543023340041323,79.56119927948839,Sunil Ward,1651.291147581554,30.796331732135755,1412.0727977839645,66.06485898846361,53.66644155950832,59.3804383685559,High,Structural Inspection Required,99.0
372,30.540546654769546,79.5581223401943,Ravigram,1476.9914829594427,28.257963165821664,2330.735082864009,124.13317376140931,63.000286658842896,71.46790626777776,High,Structural Inspection Required,89.0
373,30.542833288822678,79.56931998629717,Sunil Ward,1704.1557378465748,26.94384301577336,1510.443244147981,78.07612265003702,35.44297011102159,44.95827536845656,Moderate,Detailed Survey Needed,97.0
374,30.56049020320249,79.56226202513294,Ravigram,1601.5365309888753,21.468337071893117,1615.3504528593417,85.92042557108738,46.076687045731674,51.95845371936058,High,Structural Inspection Required,91.0
375,30.542135659453805,79.55076159066981,Marwari,2046.3022740204553,28.38483843461691,869.9176174137099,40.20670810142481,34.57716407390111,40.70717191499681,Moderate,Detailed Survey Needed,100.0
376,30.54956926890881,79.55468457792098,Singhdhar Ward,1951.472563401395,22.045985898609707,1191.8192959802614,63.86359093434615,58.639486921886885,58.99472951953296,High,Structural Inspection Required,98.0
377,30.565346259329083,79.57147916686542,Marwari,1696.7774482233415,26.684609762696144,1312.4018098380316,60.160420989925015,38.20868091602156,45.72255807633671,Moderate,Detailed Survey Needed,100.0
378,30.540698158072075,79.5697677182573,Manohar Bagh,2137.8653708016463,38.1759753560796,1341.142451621883,71.5083600852767,57.540330669611535,64.20402232397551,High,Structural Inspection Required,99.0
379,30.56443405447767,79.55081287977511,Sunil Ward,1947.2648230487391,14.934574347203588,2140.8218975018845,107.90029157406188,55.96095109122259,60.714509608713165,High,Structural Inspection Required,97.0
380,30.5484556432432,79.55665916485799,Manohar Bagh,1751.2752924737067,36.39878561129045,1778.8455303625624,91.70853261805205,63.19751064377288,70.70173089196352,High,Structural Inspection Required,100.0
381,30.54354494482865,79.55693224389763,Sunil Ward,1425.089142768964,38.17115067339866,944.271021531484,41.335578048449946,44.90507701217521,52.10683140293788,High,Structural Inspection Required,90.0
382,30.560902114960925,79.57015678230796,Marwari,2143.6413858886112,23.81931473008921,1623.2523892160025,76.68727024941711,49.34115383475002,55.228388872095216,High,Structural Inspection Required,100.0
383,30.558868285403396,79.55059131613262,Ravigram,1591.5641299854606,3.781451009914054,1749.1108742483925,90.44168480368656,32.86221469794225,37.18697030757932,Moderate,Detailed Survey Needed,99.0
384,30.566324160405813,79.55312325745953,Ravigram,1553.1901879564662,18.921780129055676,2070.074519260633,98.76198594191067,46.29301804000202,54.19256125868427,High,Structural Inspection Required,91.0
385,30.56205213131412,79.5739974825612,Sunil Ward,1953.385564801446,37.96994546561109,2290.2703432841868,116.82954862470496,64.65300761873544,75.53621436740178,Critical,Immediate Evacuation & Structural Inspection,73.0
386,30.564104427911545,79.55535633986163,Ravigram,2165.962860950891,24.771319377011178,992.4529040860657,42.786956172002064,28.893998319450965,36.02772907753232,Moderate,Detailed Survey Needed,96.0
387,30.548461037177137,79.56958238323556,Marwari,2007.6409227765778,15.006977677050893,1094.571244394831,58.96943328307489,32.74679359376596,36.50973869263275,Moderate,Detailed Survey Needed,100.0
388,30.54532318631339,79.5571454834314,Ravigram,1884.586368007854,19.952250787717826,871.2110705426919,37.39793695329206,32.971449165762536,36.83131674211217,Moderate,Detailed Survey Needed,100.0
389,30.562518442549226,79.55298324178278,Marwari,1889.2131512497929,33.40620026504553,1382.9900704465094,71.9110032107231,52.815142825178896,59.375727134369725,High,Structural Inspection Required,100.0
390,30.564205042178017,79.55729516572998,Manohar Bagh,1928.012333817046,30.467335682013793,1733.1791872231672,89.78711402938838,54.23016811469075,61.7343443783985,High,Structural Inspection Required,99.0
391,30.56971515426002,79.57166800795567,Marwari,1913.8392884680147,22.610679008303055,1993.667258294551,96.19950382257967,47.21966404993244,55.57868490653074,High,Structural Inspection Required,100.0
392,30.552378530307344,79.57567089404318,Singhdhar Ward,1842.1787135954064,21.331755881853123,1462.0244881787387,76.01135724436058,72.91004283721551,71.30446719838962,High,Structural Inspection Required,96.0
393,30.551160542573783,79.57490659593701,Singhdhar Ward,1815.6301655927814,21.08241850956178,1340.076238372578,68.30602323529668,60.7720821785055,61.24549104481183,High,Structural Inspection Required,99.0
394,30.56329238882226,79.56191550588855,Singhdhar Ward,1790.6110308150717,15.775898155014975,1575.8789961243701,76.09974052525482,69.3307802508058,67.55235572670976,High,Structural Inspection Required,99.0
395,30.55022410620759,79.57004255409711,Sunil Ward,1686.9053116699986,41.15375689469442,1082.4285491849885,49.078654038868386,47.635516632782426,55.99481874238133,High,Structural Inspection Required,98.0
396,30.567922719768106,79.55614952886248,Sunil Ward,1757.898738469984,21.7767953078866,2544.7693608473865,117.42533958400644,53.88686193474604,63.85787367083535,High,Structural Inspection Required,91.0
397,30.565752382555292,79.55879443190783,Sunil Ward,1546.056477870692,37.17158520825497,696.1694864409707,36.556724558547,38.370359581089694,45.264286929117986,Moderate,Detailed Survey Needed,76.0
398,30.55286982082125,79.57689007455564,Marwari,1785.2490559807875,40.213160519224516,1592.3702894478622,71.79450061558283,56.20186786562628,65.42093172114997,High,Structural Inspection Required,99.0
399,30.562526132033746,79.55039005770531,Sunil Ward,1651.7113339273624,34.9831089814796,2511.8031096148197,126.06687647794753,75.68311242095784,84.36123985432205,Critical,Immediate Evacuation & Structural Inspection,99.0
400,30.562636286222542,79.55256525592563,Manohar Bagh,1634.4616024176344,20.683796872819517,1503.399922279999,73.85275503358869,46.28100445055201,51.15764409470277,High,Structural Inspection Required,94.0
401,30.543093716065076,79.55623658765438,Singhdhar Ward,1826.9841226730218,29.037300903366095,1404.9804824992527,73.64473800215362,80.21537268347913,78.92232549020068,Critical,Immediate Evacuation & Structural Inspection,92.0
402,30.567076587200386,79.55079596611621,Marwari,2008.8003429516898,24.75804393609084,1321.2772885947863,64.55363693229,46.783238958229354,51.675193803392716,High,Structural Inspection Required,100.0
403,30.555157571173435,79.55544306305269,Singhdhar Ward,1937.747490900347,15.962981392698719,1409.8041591187962,68.84296902420435,57.90492667876843,57.89263094984117,High,Structural Inspection Required,97.0
404,30.564793723983232,79.56749124682909,Sunil Ward,1564.4249094565234,28.24359281721603,2186.424237338265,112.98056538835472,59.83509774864146,68.14950758212873,High,Structural Inspection Required,98.0
405,30.549601488030916,79.56264273651777,Marwari,1651.5557795144493,13.209602088401976,394.06904433524664,21.37874236218292,18.080308733789145,20.38505060814712,Low,Continue Monitoring,85.0
406,30.566865696854887,79.5767801513323,Ravigram,1941.1156781982324,36.87679388461564,2266.716850648163,114.91662231832204,75.62929632338432,83.36948635976485,Critical,Immediate Evacuation & Structural Inspection,98.0
407,30.551676050362026,79.57452330685216,Manohar Bagh,1652.6268909692535,20.35382702701607,788.0214237749275,41.747409137789006,27.823341130818,32.5264007560139,Moderate,Detailed Survey Needed,99.0
408,30.540325129544406,79.56025452055093,Sunil Ward,1766.3050275004464,27.011596558728392,1366.6738353827927,60.6558311531041,49.274515039859494,54.564767862826166,High,Structural Inspection Required,100.0
409,30.567161459292578,79.55778270300294,Sunil Ward,1882.5078148536827,27.832878715461423,1285.3777898506692,68.05283289246837,52.1469221906535,56.489709336892155,High,Structural Inspection Required,100.0
410,30.542738600303583,79.56139077224502,Manohar Bagh,1654.7483317704548,22.410950262959226,1794.27663488536,92.77617571433602,59.909713933248625,63.882893621081514,High,Structural Inspection Required,100.0
411,30.549579409127713,79.56770884827544,Manohar Bagh,1815.806325921894,30.866938014752748,700.9378240581262,29.96347556002383,36.63416011666187,41.98410215383798,Moderate,Detailed Survey Needed,100.0
412,30.568501859011523,79.55804190922468,Ravigram,1599.8961757622694,20.250963433774757,1731.0863330409713,85.33391428367756,50.36255583002389,55.55706377270614,High,Structural Inspection Required,97.0
413,30.568518214408126,79.56872446723547,Sunil Ward,1709.794853407318,33.71297297457244,2512.154811643426,125.41120414403315,81.00199880556211,87.99740463653805,Critical,Immediate Evacuation & Structural Inspection,98.0
414,30.557203136643697,79.56228234956573,Sunil Ward,1847.9672901213805,11.540203197532515,818.4129977035948,40.248165963171076,23.218403962308848,26.438538986625332,Moderate,Detailed Survey Needed,90.0
415,30.558955116365095,79.56656141542555,Singhdhar Ward,1561.0509399702496,26.26379579546412,1594.853083805198,81.41195402310257,67.75942160564027,69.79563091125846,High,Structural Inspection Required,100.0
416,30.55345336565935,79.56308379587406,Marwari,1866.0712106940598,44.389289990582846,1169.0089111016955,65.60727946424069,50.79356566219967,59.961093730382544,High,Structural Inspection Required,94.0
417,30.548796323150942,79.55883397278626,Marwari,1797.0543301609978,14.996686753944253,1712.9436030965178,91.05601379319003,47.877713685419074,51.89607445835861,High,Structural Inspection Required,92.0
418,30.5498599363611,79.57845359920886,Singhdhar Ward,1882.8734931625722,18.222550294751485,1509.573888707876,68.91759846823678,55.8375687359793,57.66922535139888,High,Structural Inspection Required,100.0
419,30.56017555368231,79.57290817382479,Marwari,1833.5871201096993,30.13907849658915,1179.256545477845,62.073177225422505,45.87162070020846,51.78670316271554,High,Structural Inspection Required,94.0
420,30.56257123588313,79.55420339527299,Manohar Bagh,2004.6210644960765,26.795817819395978,1743.936142435537,93.8414737194539,56.77566230654776,62.572968573865204,High,Structural Inspection Required,100.0
421,30.563747371311777,79.57605403927694,Marwari,1818.783675397186,28.506300992735593,2402.1740548933717,122.04274534811461,65.34374208277242,73.77607969641605,High,Structural Inspection Required,84.0
422,30.56368854428384,79.56462293594748,Marwari,1735.589168831212,29.891871301476634,1404.5481041363507,75.68230733274737,53.745413561926384,59.10685520751435,High,Structural Inspection Required,100.0
423,30.54273618309146,79.57683656680682,Singhdhar Ward,1818.3446254548426,31.3472146856177,1859.878971074091,103.05530078220838,87.10581126216094,87.75647622987633,Critical,Immediate Evacuation & Structural Inspection,100.0
424,30.554832609141076,79.57399565767842,Ravigram,1881.4947043554582,36.09699841956223,853.3635210644181,47.78672378375582,54.607944937343504,58.237983360771665,High,Structural Inspection Required,98.0
425,30.541726762800497,79.56275640513408,Marwari,1807.3290105488556,29.098186569285126,1021.7818115909956,52.33563355775843,39.217657419061645,45.413613556843934,Moderate,Detailed Survey Needed,100.0
426,30.55648586646971,79.5506740792496,Marwari,1806.0887536805824,22.587423453814576,1736.2031389401886,92.0355993174332,47.29564286598897,54.00115115573302,High,Structural Inspection Required,100.0
427,30.553245915041202,79.55806032078155,Ravigram,1694.7012468289868,31.725737012027313,2242.0580142679823,112.82733987888358,60.3654943469328,70.00446900643591,High,Structural Inspection Required,96.0
428,30.56663112548275,79.56624902643982,Singhdhar Ward,1700.5648623673578,43.99881934895215,1677.80667439283,84.00984893606628,94.55296921929465,96.25502700616289,Critical,Immediate Evacuation & Structural Inspection,97.0
429,30.550527450376563,79.56900434659478,Ravigram,1589.609209230046,23.673662536174266,1343.4709847384229,65.41647805835248,48.065866388420474,52.4458478508661,High,Structural Inspection Required,98.0
430,30.543512010492826,79.557736630563,Singhdhar Ward,2062.4365114780408,15.254706953293585,1499.6457027116771,82.7993519297444,69.29969773815073,66.88202247214072,High,Structural Inspection Required,98.0
431,30.544289750461584,79.55418068222218,Manohar Bagh,1613.4205146913073,36.07080669286972,874.7961330151412,39.647663321047055,51.668412685059536,56.13497431049224,High,Structural Inspection Required,99.0
432,30.562845318951524,79.57504790710398,Singhdhar Ward,1696.0642203306138,23.79618836046402,1802.2576631776833,97.77472178227475,72.47916288617174,73.90776857909248,High,Structural Inspection Required,89.0
433,30.55854654189949,79.5795320654211,Manohar Bagh,1692.2389101646204,3.2733045398596374,1941.1665311617046,99.5576471767871,45.82205834267952,48.073308997839334,Moderate,Detailed Survey Needed,83.0
434,30.54303368028368,79.56577070546908,Manohar Bagh,1934.2386565416662,33.47421677150422,1273.9548335834597,56.701210805163285,56.40592976731365,61.43219707583027,High,Structural Inspection Required,100.0
435,30.54252320418345,79.55515037857545,Singhdhar Ward,1755.7575482561958,19.646718140460774,1264.9789261202493,65.08719277096958,68.92164232988823,66.49993317543631,High,Structural Inspection Required,97.0
436,30.561029073943775,79.55816921979557,Sunil Ward,1987.16131090106,24.094667176958392,1632.9391148260243,71.1468232030431,54.528775246334945,59.3125540745792,High,Structural Inspection Required,100.0
437,30.542182890190926,79.55055172029643,Singhdhar Ward,1698.9764063634198,28.319803305690144,1281.6401319797023,67.2095466831403,64.53559061110533,66.01935211387182,High,Structural Inspection Required,98.0
438,30.56465580177871,79.57742896419681,Marwari,1841.8491243335702,26.904996797790663,1466.9336926870888,77.7728420492994,47.23360937170909,53.6165206264253,High,Structural Inspection Required,97.0
439,30.561187266814695,79.5535325324867,Marwari,1674.6979420110365,32.0945181713904,2549.8608945832575,124.53126495090261,64.35847671897334,75.09664270485004,Critical,Immediate Evacuation & Structural Inspection,77.0
440,30.542440463419258,79.56729549426542,Sunil Ward,2121.772369166008,20.645136294301565,1376.4871496270016,69.44209596112799,45.956134442566366,50.096530696326234,High,Structural Inspection Required,89.0
441,30.542545131422553,79.55822165662062,Manohar Bagh,1621.8602371455731,30.131057981760826,1320.8299239893888,75.81228336822087,46.597827697864204,53.230248057299946,High,Structural Inspection Required,99.0
442,30.569599187355035,79.56662534007548,Sunil Ward,1846.473106534054,22.40453322416083,1176.2290971824204,56.282721337811346,43.595918727359496,47.59587648935917,Moderate,Detailed Survey Needed,93.0
443,30.551228123872683,79.56954261165055,Marwari,1895.0665321398149,32.38810480887503,1872.0959857499683,88.31026135221542,64.25624297274823,70.82669146309392,High,Structural Inspection Required,98.0
444,30.551119264412005,79.57489225411122,Sunil Ward,1862.0698646177248,31.153674840130535,1409.3879133909486,77.87771268186043,56.76226817708255,61.825247928069984,High,Structural Inspection Required,99.0
445,30.564383987017724,79.55619263815282,Singhdhar Ward,1772.2068511683437,15.645612979554047,1175.313480839287,68.57860999461832,64.50882850033624,61.32013828492169,High,Structural Inspection Required,95.0
446,30.568417457321516,79.55032987485976,Sunil Ward,1780.5268950399861,35.85982116175032,2160.652016136506,108.05107916606455,61.16381397471587,71.40236118304924,High,Structural Inspection Required,96.0
447,30.569580031914686,79.55410656890206,Manohar Bagh,1806.5717207968664,19.64036554885952,2209.801502256819,115.54739028988273,51.14225469542561,58.9822951140776,High,Structural Inspection Required,100.0
448,30.56260134555777,79.57700055925544,Singhdhar Ward,1777.9496997557267,33.08057798281145,1199.7882171306474,66.69679043418678,82.72159404298853,80.8046608206745,Critical,Immediate Evacuation & Structural Inspection,92.0
449,30.551287787565926,79.57621670232687,Ravigram,1944.5818675192365,28.672873134013408,566.7300243196919,24.624080053292676,39.22226754272519,42.40557444140364,Moderate,Detailed Survey Needed,100.0
450,30.542505021500958,79.5679223930651,Marwari,2131.5784502387028,43.38183676795123,2003.756844918461,97.76131306908371,68.83876573819838,78.61132171751461,Critical,Immediate Evacuation & Structural Inspection,89.0
451,30.563314407477822,79.56801550581301,Marwari,1716.3762322488249,22.765340176281477,1157.6850871199981,64.03862692177358,40.334312488727804,45.11809521817528,Moderate,Detailed Survey Needed,99.0
452,30.556752127492075,79.56995110023638,Sunil Ward,1594.5295530631383,21.506832038818025,1895.3127995813843,103.19071137261177,43.033639677281066,51.43192139440009,High,Structural Inspection Required,92.0
453,30.552726660277408,79.5552611383587,Singhdhar Ward,1786.7576927473117,24.805803941122672,514.9480911440822,28.56180885807589,53.05892371689871,51.35363550655683,High,Structural Inspection Required,96.0
454,30.567190631552844,79.57743235837775,Ravigram,2186.956400648148,21.968202171657246,1946.2986691496546,92.91586168997247,60.00641568001616,64.7774626607674,High,Structural Inspection Required,97.0
455,30.543335924469183,79.56256311574676,Singhdhar Ward,1679.4488148045405,32.9994190194205,894.4140353596094,54.65600732647768,66.39405955846738,66.4604819121578,High,Structural Inspection Required,97.0
456,30.554778753128726,79.56149415584748,Marwari,2045.86752081661,8.836893915634121,1865.3820595332622,90.6142484876033,40.20118878489369,45.088378103573795,Moderate,Detailed Survey Needed,98.0
457,30.540340609343023,79.56556753115848,Singhdhar Ward,2051.655122111466,14.463175808536459,1507.136533918217,73.6811377900536,68.71210184982124,66.23334722456813,High,Structural Inspection Required,99.0
458,30.554059819259823,79.55140897900326,Ravigram,1716.961763743801,14.32197078420807,1023.0302903016775,52.863203687531986,26.04192439361459,30.75385128361378,Moderate,Detailed Survey Needed,100.0
459,30.541689098270453,79.55498850106268,Sunil Ward,1885.3474618777914,34.50307591973576,1296.4818435366096,72.59489428040436,55.30448139381533,61.06420090573192,High,Structural Inspection Required,99.0
460,30.54356453748804,79.57214100849279,Manohar Bagh,2044.2594934692806,42.10613372581925,1843.1592284783503,96.42784130667864,72.30283706021225,79.8208604893683,Critical,Immediate Evacuation & Structural Inspection,93.0
461,30.54352578740331,79.55248396003775,Singhdhar Ward,1743.130838851877,23.955507814625285,1552.9472265576171,79.72168882969041,73.1434095101436,72.8858254330709,High,Structural Inspection Required,97.0
462,30.55947630906348,79.56809456328399,Manohar Bagh,1769.4629459846458,23.311782768099892,1792.2064902362422,91.92676716240264,65.56947164153453,68.44866885424115,High,Structural Inspection Required,99.0
463,30.56238134637796,79.55736047329043,Marwari,1712.7478629077034,25.700521631131814,2488.2202922577426,124.62858795610445,54.60599739734581,65.28634759055254,High,Structural Inspection Required,91.0
464,30.557501062952916,79.56167886842125,Sunil Ward,1647.78649039607,36.61878302608191,717.8791941444744,38.68465727981625,51.194066254229796,54.95620163307199,High,Structural Inspection Required,97.0
465,30.568865176454235,79.55866081210311,Sunil Ward,1702.608368240099,15.726468658094259,2308.606287484312,102.78251398574409,47.55192043521631,55.645699279611286,High,Structural Inspection Required,93.0
466,30.55124611738571,79.56067018149395,Singhdhar Ward,1616.4089599856616,27.38368982734785,1552.1779687616065,76.12586114273134,78.60431097888106,78.10791595175075,Critical,Immediate Evacuation & Structural Inspection,98.0
467,30.548571362588454,79.57157137715552,Sunil Ward,1805.112520238884,34.7519762978243,1050.6079758384358,53.73700846650569,51.12921933670738,56.42054530319701,High,Structural Inspection Required,100.0
468,30.566057973845684,79.55891365146869,Singhdhar Ward,1684.5040153412037,30.01094169939845,834.843187130505,35.98708893842772,61.1390990554971,61.15213956549835,High,Structural Inspection Required,92.0
469,30.546707875155583,79.5669921392089,Singhdhar Ward,1835.0678867686122,26.895816165987434,1405.4398046114832,72.20360681963196,74.32271694097625,73.77746111711087,High,Structural Inspection Required,90.0
470,30.56889667618322,79.56428151206597,Manohar Bagh,1566.615653069456,35.01046092567141,1960.8250559622297,97.01889669318088,52.82453049149996,63.54338542294254,High,Structural Inspection Required,96.0
471,30.540364634240692,79.56991013496088,Sunil Ward,1849.6320348321685,-2.0323229299923717,1436.225439811233,80.5886504821391,30.5669743035048,31.629437611556867,Moderate,Detailed Survey Needed,99.0
472,30.56909636480123,79.57810489217974,Singhdhar Ward,1925.0293442413388,31.778753195309076,2255.577465123674,120.64397188225799,93.10698645087729,94.94783873844372,Critical,Immediate Evacuation & Structural Inspection,99.0
473,30.541294797358518,79.57197716291631,Manohar Bagh,1500.9396536142817,18.459243168725763,774.4121549742206,36.39157990312022,33.878169349132186,36.43525457657553,Moderate,Detailed Survey Needed,97.0
474,30.566734293410942,79.55644821135772,Ravigram,1856.108485477136,6.693671031435432,1493.9555260769728,73.94358774601517,37.82860477438865,40.262396446496,Moderate,Detailed Survey Needed,100.0
475,30.55583103327259,79.55093549405184,Manohar Bagh,1984.1503488709939,30.11202599524981,873.8032777934404,43.32042606163006,43.923847815737425,48.36912525723024,Moderate,Detailed Survey Needed,93.0
476,30.56978894388358,79.55786792132899,Manohar Bagh,1618.553847196319,38.73658545162958,1681.815941312484,81.83249968482609,61.27946536574287,69.37206863733732,High,Structural Inspection Required,99.0
477,30.542213896942062,79.56785233792101,Singhdhar Ward,2050.8858580256556,23.625514853723082,1943.4436950486502,98.14730967257314,73.93926310144394,75.85425387240402,Critical,Immediate Evacuation & Structural Inspection,75.0
478,30.55661562853204,79.55154277440452,Marwari,1862.8528514049067,34.528745472029385,1289.6191031594733,60.68954481353572,47.268756003438966,54.932181041603414,High,Structural Inspection Required,100.0
479,30.569079076068572,79.56489098741604,Marwari,1694.2482216362387,41.122782579886454,197.8930716864329,4.241576909634014,45.10437223768602,48.472122957280405,Moderate,Detailed Survey Needed,64.0
480,30.555692935325105,79.5679052854675,Marwari,1791.6346383513442,38.14914453584048,1599.4740733982474,83.08725978941371,67.62717059402638,73.48178826442492,High,Structural Inspection Required,94.0
481,30.558881959144056,79.5600273167245,Manohar Bagh,1883.7490368782583,41.39964529371393,1718.3692758667548,89.0661117144468,63.648997567744914,72.24281975253876,High,Structural Inspection Required,98.0
482,30.56087246066954,79.57312736611237,Singhdhar Ward,1811.4008087118618,32.42127491071892,1702.1473774808487,81.08579007574248,80.49277068756426,82.08140450226118,Critical,Immediate Evacuation & Structural Inspection,99.0
483,30.553636231943035,79.55319794759401,Sunil Ward,1880.8133988669554,25.75433638901593,2117.891095911077,110.37133194936686,54.19179682105398,62.647682195040424,High,Structural Inspection Required,99.0
484,30.558826742402523,79.55225413345207,Manohar Bagh,1661.898961038095,8.980341881028316,964.4731601754755,45.06576936294712,31.567788540044013,32.88748847959763,Moderate,Detailed Survey Needed,99.0
485,30.557529429357693,79.5718456626861,Manohar Bagh,1825.4041236054118,22.539375118700512,1840.1080527252248,93.27122882645115,54.33995286135465,59.98745785492212,High,Structural Inspection Required,100.0
486,30.56703474031473,79.56486473948618,Singhdhar Ward,1587.942825464253,16.567534046838084,2096.2537562389875,108.91440787501166,85.63443678229271,83.46236935305002,Critical,Immediate Evacuation & Structural Inspection,93.0
487,30.541363391410243,79.57065207189282,Ravigram,1783.3160907976949,46.70942717497814,610.7062079967416,30.367247576318515,47.08610062697937,54.3517878336653,High,Structural Inspection Required,88.0
488,30.548428895687767,79.56304482015811,Manohar Bagh,1664.4138537802814,23.241141875676632,1659.8259129594885,85.26500020868009,47.282374068054246,53.71484397028821,High,Structural Inspection Required,100.0
489,30.568512344522297,79.55739206099717,Ravigram,1689.670508611535,26.232048067844858,1247.9100844961642,59.81335600537035,45.086874868514855,50.390259369473476,High,Structural Inspection Required,74.0
490,30.566707913516726,79.57457306953022,Ravigram,1985.4139762815655,30.514853760404677,1459.238663449177,71.97960025531837,54.238210773548104,60.023467840426534,High,Structural Inspection Required,100.0
491,30.55366970258357,79.57398247636907,Marwari,1963.6965180891402,25.436024463724536,1673.8382417691682,82.66261493405672,49.06926586345848,55.853022972552615,High,Structural Inspection Required,99.0
492,30.558603977934045,79.57084089412562,Singhdhar Ward,1891.3707181360764,41.95051040430753,1256.3857179432239,59.08639416446,76.92152112051552,79.56598247538945,Critical,Immediate Evacuation & Structural Inspection,89.0
493,30.548321435489434,79.5581643541169,Ravigram,1636.1530852991132,18.77350638265548,1162.1459604191941,57.2234272053808,41.592870912356474,44.83924708311095,Moderate,Detailed Survey Needed,99.0
494,30.545643634791713,79.56770692000607,Singhdhar Ward,1752.5387325457798,26.946074552372426,1517.0762087440123,68.11071894288189,75.59575213749042,75.46503305996606,Critical,Immediate Evacuation & Structural Inspection,71.0
495,30.5539109521482,79.5608292169082,Marwari,1981.9646549968775,17.57529414301952,956.3770305685987,45.36308279271942,28.087789649412816,32.91310499326636,Moderate,Detailed Survey Needed,100.0
496,30.55060056684078,79.55274746219979,Singhdhar Ward,1821.2575370459856,11.799774887792942,957.0874355574073,46.429994311022014,60.14603220906844,55.41454636056146,High,Structural Inspection Required,75.0
497,30.557509683355526,79.57751940726386,Manohar Bagh,2147.899430997254,18.882309090947146,1839.6866414782517,90.70343331143569,53.167870812171444,57.93943143339474,High,Structural Inspection Required,100.0
498,30.54233203910895,79.55410455892756,Ravigram,1858.9976759091558,24.62963202951588,925.602982420672,45.07266189167971,38.896986677355585,43.14959340037711,Moderate,Detailed Survey Needed,100.0
499,30.569231844229986,79.57850712061462,Singhdhar Ward,1828.8073674735047,20.7069777548274,1833.156250454606,91.34899152342965,74.36826897277099,74.559817248683,High,Structural Inspection Required,80.0
500,30.569586322334388,79.56338017318873,Sunil Ward,1753.6325303696249,18.07579020126144,1731.2956464269755,88.96198991177911,48.91951799012242,53.77591605532797,High,Structural Inspection Required,99.0
