latitude,longitude,ground_deformation_mm,ward,confidence_pct,risk_level,recommendation
30.557490802376947,79.55370265857677,6.165845788723333,Ward E,73.00682568929498,Low,Standard periodic monitoring
30.569014286128198,79.56083801894756,6.486876022087547,Ward C,81.75851840446654,Low,Standard periodic monitoring
30.56463987883623,79.56745891671753,25.16949718772848,Ward D,88.4397099586386,Moderate,"Monitor closely, increase sensor density"
30.56197316968394,79.56464449772818,6.639478346075402,Ward B,95.7378882137733,Low,Standard periodic monitoring
30.55312037280885,79.56613122295722,13.113868123959517,Ward D,80.3512869117418,Low,Standard periodic monitoring
30.553119890406723,79.5631756673342,7.009283062550955,Ward C,89.54822385862141,Low,Standard periodic monitoring
30.551161672243364,79.56384553129035,0.6978723263202218,Ward C,80.47094056259425,Low,Standard periodic monitoring
30.567323522915498,79.5669839130313,24.706383278564616,Ward C,88.4548655315343,Moderate,"Monitor closely, increase sensor density"
30.562022300234865,79.55499336017718,14.037246835084074,Ward A,96.45575761621646,Low,Standard periodic monitoring
30.564161451555922,79.55978849927286,19.403300215192235,Ward B,76.91759350355633,Low,Standard periodic monitoring
30.550411689885916,79.55442418883639,2.830639199069915,Ward D,82.08682509900048,Low,Standard periodic monitoring
30.569398197043242,79.56975336015992,8.581706185305709,Ward D,99.69862937324943,Low,Standard periodic monitoring
30.56664885281601,79.56888118679373,23.333747290539247,Ward E,95.96985514465888,Moderate,"Monitor closely, increase sensor density"
30.554246782213568,79.55078853622737,4.121507259977305,Ward C,86.88273175109644,Low,Standard periodic monitoring
30.553636499344144,79.5641115034503,18.75404284398417,Ward C,85.44716499644284,Low,Standard periodic monitoring
30.553668090197068,79.5685049663483,12.9686068030864,Ward C,78.50955143090997,Low,Standard periodic monitoring
30.556084844859193,79.55361150690254,7.094524887024476,Ward D,85.46456188803653,Low,Standard periodic monitoring
30.560495128632645,79.56135890461104,6.593687682513763,Ward E,95.36062679857042,Low,Standard periodic monitoring
30.55863890037284,79.56830976595175,5.353110751523808,Ward A,90.48671794700564,Low,Standard periodic monitoring
30.55582458280396,79.55067891957171,13.980559016072043,Ward B,78.6723164425218,Low,Standard periodic monitoring
30.56223705789445,79.56394840534493,15.239892219144549,Ward A,76.02377123950063,Low,Standard periodic monitoring
30.55278987721304,79.55594698014745,9.890563804698578,Ward D,77.92973525620519,Low,Standard periodic monitoring
30.555842892970706,79.56848792390753,5.042765403488871,Ward C,75.07580012164551,Low,Standard periodic monitoring
30.557327236865873,79.5694211649033,18.369424426816618,Ward B,72.8596568111091,Low,Standard periodic monitoring
30.55912139968434,79.56888532978226,25.01757774101048,Ward D,82.53217161581745,Moderate,"Monitor closely, increase sensor density"
30.56570351922786,79.55948428433314,20.804678192846083,Ward D,73.3876581715082,Moderate,"Monitor closely, increase sensor density"
30.553993475643168,79.56724085301978,47.870848439177,Ward D,75.14018547604041,High,Deploy structural engineers for immediate inspection
30.560284688768274,79.5668909879707,11.532185803888478,Ward B,86.36500806175064,Low,Standard periodic monitoring
30.561848291377242,79.55638200946485,33.17023219301574,Ward B,74.92151828361729,Moderate,"Monitor closely, increase sensor density"
30.5509290082544,79.566578309483,7.712700778359764,Ward E,71.910005046184,Low,Standard periodic monitoring
30.56215089703803,79.5507401526943,6.665381256982666,Ward E,79.48992661583377,Low,Standard periodic monitoring
30.553410482473748,79.56192539756964,14.640818589030292,Ward A,76.58754104879684,Low,Standard periodic monitoring
30.551301031859705,79.55460017674575,38.13606758325235,Ward B,85.40762512103187,Moderate,"Monitor closely, increase sensor density"
30.568977710745067,79.55241133771554,10.540893290676918,Ward B,73.06077582903796,Low,Standard periodic monitoring
30.56931264066149,79.55153906403258,2.8282693669757792,Ward B,92.47794655172105,Low,Standard periodic monitoring
30.56616794696233,79.56392577551756,24.691808285218233,Ward E,97.09638223111065,Moderate,"Monitor closely, increase sensor density"
30.556092275383467,79.55679749927536,12.545482330054543,Ward D,92.22871170129022,Low,Standard periodic monitoring
30.55195344228013,79.56449533543056,16.662968718683956,Ward C,85.9315284183017,Low,Standard periodic monitoring
30.563684660530242,79.55130712681597,6.978521597526508,Ward E,95.73396787148766,Low,Standard periodic monitoring
30.558803049874793,79.55630580675661,14.537732474662056,Ward B,90.77805955546708,Low,Standard periodic monitoring
30.552440764696897,79.56078982584751,3.3123871241185947,Ward E,70.31547856126068,Low,Standard periodic monitoring
30.559903538202224,79.56581446329677,43.547422493254814,Ward A,81.78329556795765,High,Deploy structural engineers for immediate inspection
30.550687770422304,79.55637505005863,27.887853916636463,Ward B,95.44346179226332,Moderate,"Monitor closely, increase sensor density"
30.568186408041576,79.56251782752874,14.046492059696972,Ward A,80.34117985346056,Low,Standard periodic monitoring
30.555175599632,79.56771955496471,24.222335367885083,Ward B,71.05293368841315,Moderate,"Monitor closely, increase sensor density"
30.56325044568708,79.56231726376365,7.730024880305188,Ward E,92.31077119271295,Low,Standard periodic monitoring
30.556234221521787,79.55465918949507,27.050337634641878,Ward D,93.98094428145777,Moderate,"Monitor closely, increase sensor density"
30.56040136042356,79.55048801563113,10.166042794713542,Ward C,74.80175148179492,Low,Standard periodic monitoring
30.560934205586864,79.56740197747801,9.583861225091118,Ward A,86.06648085561112,Low,Standard periodic monitoring
30.55369708911051,79.55042538821701,5.701584193361699,Ward E,75.7394676259722,Low,Standard periodic monitoring
30.569391692555293,79.56749403345368,18.204186953175046,Ward D,91.50510912941999,Low,Standard periodic monitoring
30.565502656467224,79.56057874268053,13.585038285726148,Ward E,78.11935860980682,Low,Standard periodic monitoring
30.568789978831283,79.56878135397025,33.88340827349931,Ward A,79.45483216464358,Moderate,"Monitor closely, increase sensor density"
30.567896547008555,79.56597566471547,5.095587385834561,Ward C,95.26462852383904,Low,Standard periodic monitoring
30.561957999576222,79.56995868221065,18.264094917471365,Ward E,84.24203833098645,Low,Standard periodic monitoring
30.568437484700464,79.55701423630903,29.74051674298492,Ward B,90.02565809142561,Moderate,"Monitor closely, increase sensor density"
30.55176985004104,79.56534376577862,15.44337217182703,Ward D,82.03095421660178,Low,Standard periodic monitoring
30.553919657248382,79.55803861827218,10.008341628964773,Ward E,78.91040503009329,Low,Standard periodic monitoring
30.550904545778213,79.55959751240607,15.149965651618261,Ward D,88.70179400669738,Low,Standard periodic monitoring
30.556506606615265,79.56255010926436,32.09591316737527,Ward B,74.63024146495675,Moderate,"Monitor closely, increase sensor density"
30.55777354579379,79.56747354228372,32.086963983842764,Ward C,81.1526950834492,Moderate,"Monitor closely, increase sensor density"
30.555426980635477,79.56968166938398,12.150722885680155,Ward C,76.25020741783908,Low,Standard periodic monitoring
30.56657475018304,79.56536546827728,31.715232981132722,Ward B,90.80426951152829,Moderate,"Monitor closely, increase sensor density"
30.55713506653387,79.55835533564334,13.098544785543723,Ward D,98.23184426654862,Low,Standard periodic monitoring
30.555618690193747,79.55842714004554,24.03593139563497,Ward E,99.76577794367441,Moderate,"Monitor closely, increase sensor density"
30.560853921663167,79.56475164603177,19.81459537636621,Ward B,83.46327663220356,Low,Standard periodic monitoring
30.552818484499497,79.55477554291537,9.68273849561488,Ward A,77.55065865012969,Low,Standard periodic monitoring
30.56604393961508,79.55220948226263,5.8955049906045085,Ward D,83.2405981744913,Low,Standard periodic monitoring
30.551491012873598,79.55709244315281,30.268542426471086,Ward C,95.33335535788545,Moderate,"Monitor closely, increase sensor density"
30.569737738732012,79.55574477983308,36.025248888649976,Ward B,76.159569788706,Moderate,"Monitor closely, increase sensor density"
30.565444895385934,79.55592616240912,17.95280448891956,Ward C,98.46765998442243,Low,Standard periodic monitoring
30.553974313630683,79.554672155021,13.085000073749079,Ward D,80.22178648706472,Low,Standard periodic monitoring
30.550110442342472,79.55084186379273,4.487116276773268,Ward C,99.47552941756412,Low,Standard periodic monitoring
30.566309228569096,79.55035747869466,29.745688991840368,Ward B,95.07440573726548,Moderate,"Monitor closely, increase sensor density"
30.564137146876952,79.56975444779471,16.478341051930705,Ward D,94.17625897100697,Low,Standard periodic monitoring
30.56458014336082,79.55855546267472,10.834142573993468,Ward A,79.50534974582118,Low,Standard periodic monitoring
30.56542540693372,79.5576865329432,24.508287273985893,Ward B,70.2624386372431,Moderate,"Monitor closely, increase sensor density"
30.551480893034682,79.56359294565385,3.703560673774252,Ward E,81.42577397389704,Low,Standard periodic monitoring
30.557169314570885,79.5543650777573,5.4406515347340925,Ward B,79.02410015291454,Low,Standard periodic monitoring
30.552317381190502,79.568999223679,7.48706560598677,Ward D,71.11817001322304,Low,Standard periodic monitoring
30.56726206851751,79.56572690028831,19.376370824213893,Ward B,85.1104211695273,Low,Standard periodic monitoring
30.562465962536553,79.55178822004625,15.275374173972754,Ward A,82.05063620735383,Low,Standard periodic monitoring
30.556617960497054,79.55835161551569,21.02172033708306,Ward A,88.97323838547159,Moderate,"Monitor closely, increase sensor density"
30.551271167005723,79.56758236615124,28.39171791778594,Ward E,88.57347103360308,Moderate,"Monitor closely, increase sensor density"
30.556219646434315,79.56889464044582,21.55575236908019,Ward C,73.61032441331074,Moderate,"Monitor closely, increase sensor density"
30.556503666440534,79.559348030225,44.15461639200103,Ward D,99.21126982918602,High,Deploy structural engineers for immediate inspection
30.56459212356676,79.56226822778422,28.346968697462092,Ward D,75.58924974029927,Moderate,"Monitor closely, increase sensor density"
30.562751149427104,79.55334067892184,12.128285965831234,Ward C,83.31369334046467,Low,Standard periodic monitoring
30.567744254851526,79.56982337252273,8.533481292402627,Ward A,84.59471454866868,Low,Standard periodic monitoring
30.55944429850324,79.55463343402766,12.4199960434637,Ward A,94.31057763670219,Low,Standard periodic monitoring
30.552391884918766,79.5688546354827,22.08466595330893,Ward B,72.96696492322994,Moderate,"Monitor closely, increase sensor density"
30.56426489574446,79.56299293297984,9.32242337174225,Ward E,82.8164639483351,Low,Standard periodic monitoring
30.565215700972338,79.56215473589758,22.511866209488772,Ward E,88.7922148900625,Moderate,"Monitor closely, increase sensor density"
30.56122554395139,79.56025377022033,20.752108821564313,Ward E,76.43315308655926,Moderate,"Monitor closely, increase sensor density"
30.565419343599093,79.55461339623434,5.817752948660724,Ward B,88.76129017310558,Low,Standard periodic monitoring
30.55987591192729,79.55353056064011,27.98820838421445,Ward E,97.61757864273463,Moderate,"Monitor closely, increase sensor density"
30.56045465658764,79.5544097241814,17.49776519885535,Ward C,99.82579212206298,Low,Standard periodic monitoring
30.55855082036717,79.55372876524288,42.75396839736891,Ward B,70.9702871960412,High,Deploy structural engineers for immediate inspection
30.550508382534883,79.56559168947133,13.13377248157203,Ward C,77.04408802451586,Low,Standard periodic monitoring
30.552157828539865,79.55700250518333,10.440824702530014,Ward B,79.27818276217175,Low,Standard periodic monitoring
30.550628583713735,79.55115685353127,5.143113996055805,Ward E,81.9338704033045,Low,Standard periodic monitoring
30.562728208225277,79.5693820526028,5.066222353889205,Ward C,77.24348901178455,Low,Standard periodic monitoring
30.556287119621526,79.56767571769926,25.75326076682209,Ward C,76.08429103720384,Moderate,"Monitor closely, increase sensor density"
30.560171413823294,79.5685550456639,39.95250165123301,Ward C,98.54115988828326,Moderate,"Monitor closely, increase sensor density"
30.56815132947852,79.56989815645292,12.283417286678883,Ward B,97.46379592283849,Low,Standard periodic monitoring
30.55498584458298,79.55347790498439,11.664647838811712,Ward D,71.40507577999321,Low,Standard periodic monitoring
30.558207658460713,79.55792484037805,14.069994009184946,Ward E,80.13050934598496,Low,Standard periodic monitoring
30.56511102277086,79.56516476951407,29.29304182652146,Ward C,82.11394175498435,Moderate,"Monitor closely, increase sensor density"
30.554575963309833,79.56392041236107,5.865925253256406,Ward D,77.1465345865117,Low,Standard periodic monitoring
30.551539598196577,79.55307791812679,15.949825494309371,Ward E,88.80329961994644,Low,Standard periodic monitoring
30.555795029058277,79.5663166624998,26.154011916071713,Ward E,89.14738432466281,Moderate,"Monitor closely, increase sensor density"
30.553224425745082,79.55448881143673,19.207076832844475,Ward C,95.43007642702506,Low,Standard periodic monitoring
30.56859395304685,79.55447635229645,0.36735180887650704,Ward C,92.15199112471802,Low,Standard periodic monitoring
30.56616240759129,79.56073948845787,21.631263716353388,Ward B,86.22294247628207,Moderate,"Monitor closely, increase sensor density"
30.562668075130208,79.56185879869683,19.340546631402063,Ward D,89.54224442432816,Low,Standard periodic monitoring
30.567429211803756,79.56160172415674,33.14714404447012,Ward D,78.19226456813624,Moderate,"Monitor closely, increase sensor density"
30.566073441537984,79.55182973674795,37.87859682463204,Ward C,87.732380080024,Moderate,"Monitor closely, increase sensor density"
30.55373140117772,79.5675492172526,32.04616644570432,Ward E,84.62789491702259,Moderate,"Monitor closely, increase sensor density"
30.5678511799698,79.55531200085177,14.127681076689438,Ward C,73.98699957275947,Low,Standard periodic monitoring
30.560786844838315,79.55259029842566,2.688210729465719,Ward E,77.25207386983082,Low,Standard periodic monitoring
30.56614880310328,79.56777496159738,11.598039187030603,Ward E,78.72163417657542,Low,Standard periodic monitoring
30.56792182599847,79.56911302996458,13.788746284051435,Ward C,97.63685605487149,Low,Standard periodic monitoring
30.556360069499437,79.5672425523453,39.61937079362523,Ward A,76.8885605176381,Moderate,"Monitor closely, increase sensor density"
30.552201038490555,79.56619032149449,7.041225987387198,Ward D,78.64839269430809,Low,Standard periodic monitoring
30.55455870325084,79.56310483961278,3.818864991692556,Ward E,81.04368848967403,Low,Standard periodic monitoring
30.558542155772525,79.56101714741217,9.372827784910879,Ward E,89.84590788489908,Low,Standard periodic monitoring
30.56636029531845,79.55173973519823,7.384372490398454,Ward A,73.535327934917,Low,Standard periodic monitoring
30.567214611665126,79.5581690642614,3.4445526623102585,Ward B,98.52296185356391,Low,Standard periodic monitoring
30.550139042610624,79.55745377034025,12.493308367520182,Ward A,95.88057948083346,Low,Standard periodic monitoring
30.560214946051552,79.5551950756752,14.203019532843058,Ward A,87.25876058296761,Low,Standard periodic monitoring
30.558348220062975,79.56446840227376,3.234344023965727,Ward E,90.1537322360062,Low,Standard periodic monitoring
30.554442156209415,79.55991751470157,10.388011257207049,Ward D,70.49814809020206,Low,Standard periodic monitoring
30.552397307346673,79.55162092431814,6.976071242790167,Ward A,80.13444878291861,Low,Standard periodic monitoring
30.556752303428073,79.55440366403899,14.556949527873266,Ward B,93.79024089677712,Low,Standard periodic monitoring
30.56885819407825,79.56366517527319,15.658650155743947,Ward C,72.31674091639233,Low,Standard periodic monitoring
30.556464058640415,79.5515226171898,6.977325832140582,Ward A,78.44118364290054,Low,Standard periodic monitoring
30.560375812434867,79.56702413828097,27.819652732102522,Ward A,87.50037516719591,Moderate,"Monitor closely, increase sensor density"
30.564060379177903,79.55990293054028,13.554652479549539,Ward B,77.66674952819837,Low,Standard periodic monitoring
30.557272592047585,79.55961173154652,7.273587652477826,Ward D,97.92594142692113,Low,Standard periodic monitoring
30.56943564165442,79.56184815569318,3.0139372505627877,Ward A,73.91865306104829,Low,Standard periodic monitoring
30.569248945898842,79.56649361931849,16.28686466835337,Ward A,93.84209130144258,Low,Standard periodic monitoring
30.555035645916508,79.55695618415804,19.30777616512792,Ward D,85.1876658880016,Low,Standard periodic monitoring
30.559944970117847,79.56356032305118,8.940690839158059,Ward B,92.43489019701668,Low,Standard periodic monitoring
30.556017566196335,79.56131463927991,14.907592846534488,Ward A,79.29038831651228,Low,Standard periodic monitoring
30.55569680988755,79.55534056540338,37.87740294693602,Ward D,85.38323910912996,Moderate,"Monitor closely, increase sensor density"
30.55073773894709,79.5675725997271,24.906261634757872,Ward A,95.61937695672297,Moderate,"Monitor closely, increase sensor density"
30.5621912866796,79.56594852043213,1.1702309916720488,Ward C,83.95965516378082,Low,Standard periodic monitoring
30.56005358046458,79.56316903669317,7.199738106603266,Ward E,80.75562387111707,Low,Standard periodic monitoring
30.551029575025,79.56701163458187,12.023140581540703,Ward C,86.03104604895681,Low,Standard periodic monitoring
30.555572929284732,79.56734588401919,14.142910241419017,Ward A,91.44914631578737,Low,Standard periodic monitoring
30.568165317719334,79.5641672595343,15.152144048919974,Ward B,83.26254403040524,Low,Standard periodic monitoring
30.55479123781334,79.56674026656727,18.438317923399968,Ward E,98.07242155675397,Low,Standard periodic monitoring
30.552897897441824,79.56394942923338,12.340818542027906,Ward C,78.81888013886604,Low,Standard periodic monitoring
30.559789055205552,79.5636028154352,13.528960427881609,Ward D,84.2163618244567,Low,Standard periodic monitoring
30.56971300908221,79.5623722275643,25.798603125902655,Ward B,92.63213701430911,Moderate,"Monitor closely, increase sensor density"
30.55484110543023,79.56505433279115,16.52401236560669,Ward C,90.60472060582318,Low,Standard periodic monitoring
30.563442710948117,79.55317210210586,4.6658977028229955,Ward D,95.82286746727297,Low,Standard periodic monitoring
30.565232392306577,79.56761741518397,14.486254014360188,Ward A,99.80459450236516,Low,Standard periodic monitoring
30.55475275087985,79.5674368705549,12.04937459509845,Ward D,82.76306403097318,Low,Standard periodic monitoring
30.56456432697224,79.55058494566069,1.8117718587125928,Ward C,73.32341130552102,Low,Standard periodic monitoring
30.557355662654384,79.56651633501129,15.053404771259649,Ward C,70.90943483615824,Low,Standard periodic monitoring
30.562646116611873,79.55257739734947,5.286762452249802,Ward A,91.73361949357917,Low,Standard periodic monitoring
30.56267059421522,79.55670237708517,26.061219860504043,Ward D,96.13300877213061,Moderate,"Monitor closely, increase sensor density"
30.560715493681496,79.56487016512582,18.249923928345233,Ward D,76.59930631973812,Low,Standard periodic monitoring
30.551805795401087,79.55321519792096,4.414570928902422,Ward A,74.7375963119782,Low,Standard periodic monitoring
30.566706049911787,79.56635934048238,25.2574595135665,Ward D,71.85993223661816,Moderate,"Monitor closely, increase sensor density"
30.556415601299435,79.56664268355915,33.5048742605014,Ward A,94.59881735934448,Moderate,"Monitor closely, increase sensor density"
30.553730370207997,79.56014935467522,10.914004629317995,Ward B,79.31032000278827,Low,Standard periodic monitoring
30.550815502831096,79.55012771743434,11.993746133108656,Ward C,82.01073709351732,Low,Standard periodic monitoring
30.561817858863765,79.55574076266349,23.58275524021845,Ward B,85.0322307291274,Moderate,"Monitor closely, increase sensor density"
30.563551287236844,79.56233853836751,31.850611687656077,Ward E,95.09965170286557,Moderate,"Monitor closely, increase sensor density"
30.550331756578558,79.56962372356054,2.4789531107382885,Ward E,89.4599133246884,Low,Standard periodic monitoring
30.560241861165988,79.56263627054032,4.941754281066333,Ward E,88.39043243274855,Low,Standard periodic monitoring
30.55452991550396,79.55519607162128,9.52459812095747,Ward A,75.25259578868173,Low,Standard periodic monitoring
30.56290345580819,79.56268011406199,10.398287821295442,Ward D,85.34437776212391,Low,Standard periodic monitoring
30.5534873285801,79.56079970759431,23.11539315401976,Ward B,91.3898924136418,Moderate,"Monitor closely, increase sensor density"
30.56381875476205,79.56559690790301,31.96089244042989,Ward B,99.10050040261171,Moderate,"Monitor closely, increase sensor density"
30.557734706926013,79.55213961277654,33.5663514864239,Ward B,76.02204864547923,Moderate,"Monitor closely, increase sensor density"
30.568734599774736,79.56522055805003,2.409148471729516,Ward B,70.28534625671007,Low,Standard periodic monitoring
30.55275041888292,79.56082533157351,6.622032335850196,Ward E,72.25151286459425,Low,Standard periodic monitoring
30.556821327021005,79.56925984007718,8.10269618113842,Ward B,81.23798870894117,Low,Standard periodic monitoring
30.55226947042481,79.55683744332077,6.597879689642552,Ward D,94.53428496760502,Low,Standard periodic monitoring
30.568493872365572,79.56265243786267,18.210059658418643,Ward E,70.21354824487052,Low,Standard periodic monitoring
30.56754678706762,79.56864056211019,19.8085527770311,Ward B,83.65624472728663,Low,Standard periodic monitoring
30.555158832554305,79.55205019455981,13.399772299653979,Ward A,79.8439953987077,Low,Standard periodic monitoring
30.563199680920683,79.56874456974472,12.44138763368762,Ward C,71.56920313198185,Low,Standard periodic monitoring
30.566344444004024,79.56375771444601,9.865337865540063,Ward C,83.46206497151125,Low,Standard periodic monitoring
30.56110401623199,79.5513567411821,10.835122071231336,Ward C,77.61698634936789,Low,Standard periodic monitoring
30.56059301156712,79.55601927133893,37.59690865230975,Ward E,80.5213565469755,Moderate,"Monitor closely, increase sensor density"
30.554837045818008,79.5641634417729,21.904467563947133,Ward B,91.09789761305036,Moderate,"Monitor closely, increase sensor density"
30.551862055356118,79.55134701202937,10.174284050888545,Ward E,85.59437441893792,Low,Standard periodic monitoring
30.567944315159068,79.56164340920353,12.25554134067962,Ward D,73.72695812688512,Low,Standard periodic monitoring
30.568008361143267,79.55691766113905,18.51246578094498,Ward A,98.7462947586668,Low,Standard periodic monitoring
30.562662029145464,79.56241831035534,4.413146666787595,Ward A,89.01373189472119,Low,Standard periodic monitoring
30.556780595820975,79.55091484067624,14.864800877727506,Ward C,92.8994659273097,Low,Standard periodic monitoring
30.556984191492255,79.56743073612304,21.068338069561985,Ward C,72.36847318525028,Moderate,"Monitor closely, increase sensor density"
30.564519113577404,79.56946977938354,19.203787702389015,Ward C,71.40704554585457,Low,Standard periodic monitoring
30.567942205199053,79.56937755710571,6.7398719385495065,Ward B,70.58149670600562,Low,Standard periodic monitoring
30.567741728485302,79.56499303663485,7.894194887400667,Ward D,75.64494143042599,Low,Standard periodic monitoring
30.565597510917154,79.55260172480261,1.5585619091736644,Ward D,82.39081109178301,Low,Standard periodic monitoring
30.562840632923088,79.56516526391857,22.64538739597749,Ward D,97.98120138874441,Moderate,"Monitor closely, increase sensor density"
30.5516827992999,79.55049173832917,48.273648783032854,Ward D,83.66608381204671,High,Deploy structural engineers for immediate inspection
30.553232574281893,79.55044247103058,5.913659797459333,Ward C,78.67862765063863,Low,Standard periodic monitoring
30.56797108377054,79.55647220438298,28.24257269671603,Ward A,86.80186408023793,Moderate,"Monitor closely, increase sensor density"
30.562128581193193,79.55977286380809,45.50979555445465,Ward C,73.3468438862302,High,Deploy structural engineers for immediate inspection
30.550183941032333,79.56540814835616,9.08187552977413,Ward D,88.224226141049,Low,Standard periodic monitoring
30.55202943085732,79.56366590753213,12.26876396112794,Ward C,86.99611543448205,Low,Standard periodic monitoring
30.56327003538216,79.55891805412753,16.129384908537663,Ward D,93.68059169883072,Low,Standard periodic monitoring
30.550101231676926,79.55547253332563,18.77042533750198,Ward E,99.50195958734903,Low,Standard periodic monitoring
30.553216161028352,79.56994249000314,16.77462847194118,Ward A,77.5011168043117,Low,Standard periodic monitoring
30.56097467578733,79.55852362604472,9.68365290091467,Ward E,85.23872787903244,Low,Standard periodic monitoring
30.563837903953853,79.55902774048658,20.838286957374166,Ward B,97.17507564893822,Moderate,"Monitor closely, increase sensor density"
30.563039225190053,79.55327247642383,9.868723646465297,Ward C,93.47717754424296,Low,Standard periodic monitoring
30.55448538618921,79.565896190975,17.61952959063327,Ward B,84.57344846271415,Low,Standard periodic monitoring
30.56424358442695,79.56387364451562,13.033386041443372,Ward C,98.26661232348187,Low,Standard periodic monitoring
30.554744981749938,79.55441539225578,2.1253441089178384,Ward E,71.7113771361526,Low,Standard periodic monitoring
30.556507993963187,79.55164762091232,31.07413504342775,Ward D,97.83685872940626,Moderate,"Monitor closely, increase sensor density"
30.56492982810236,79.56360998604148,8.079029775417224,Ward D,71.51017103224592,Low,Standard periodic monitoring
30.562992657980946,79.56309022428562,33.16192128491284,Ward C,86.36441184902907,Moderate,"Monitor closely, increase sensor density"
30.566984468209885,79.55546519053996,27.484568097649838,Ward D,96.62418434523246,Moderate,"Monitor closely, increase sensor density"
30.563152257846006,79.569017271245,15.774383248880628,Ward E,77.85535621248296,Low,Standard periodic monitoring
30.56136617206671,79.55302115783562,19.472125907921395,Ward D,84.12023011846024,Low,Standard periodic monitoring
30.551873495356563,79.55864669602084,21.168880622260435,Ward E,79.69743348619531,Moderate,"Monitor closely, increase sensor density"
30.55735431606119,79.56887231840335,11.397313682193793,Ward B,98.46910312058291,Low,Standard periodic monitoring
30.555304047353633,79.55839454633852,11.831218037872405,Ward E,94.62700328311742,Low,Standard periodic monitoring
30.55487979286758,79.56277051895327,20.451047196417136,Ward A,91.19914518865875,Moderate,"Monitor closely, increase sensor density"
30.56946021109505,79.55795188795925,13.141042004876187,Ward A,87.57004689979175,Low,Standard periodic monitoring
30.557861954493337,79.55548430404697,9.709796495660658,Ward A,94.53569450079203,Low,Standard periodic monitoring
30.567840931103543,79.56967955295919,6.838035384753449,Ward C,81.72878454155406,Low,Standard periodic monitoring
30.562622772519944,79.5581866801263,17.994674789618564,Ward C,83.38180046767125,Low,Standard periodic monitoring
30.565896226070834,79.56788198407358,7.851528407413814,Ward C,91.82705146031776,Low,Standard periodic monitoring
30.560052741862105,79.55459909211781,24.37055835207461,Ward E,80.69686742248206,Moderate,"Monitor closely, increase sensor density"
30.56153807769253,79.5542620940805,25.798417282603506,Ward C,71.91063816724638,Moderate,"Monitor closely, increase sensor density"
30.559850353876378,79.55062268165769,19.365475149735225,Ward B,72.22260480569354,Low,Standard periodic monitoring
30.55390485975596,79.56303333650752,22.31162344374659,Ward A,73.44934775904055,Moderate,"Monitor closely, increase sensor density"
30.56444904230523,79.55737052687446,19.40647114484424,Ward E,96.00347156797552,Low,Standard periodic monitoring
30.55561544724882,79.56728716499678,23.42603152229318,Ward A,84.11957013011052,Moderate,"Monitor closely, increase sensor density"
30.55048631932863,79.55946419813382,22.739331253181536,Ward C,91.31518284340763,Moderate,"Monitor closely, increase sensor density"
30.562909445918145,79.56936386855828,17.302413294908497,Ward E,81.7479891345863,Low,Standard periodic monitoring
30.55354221358814,79.55371051031406,27.72099977638402,Ward D,77.73545732772747,Moderate,"Monitor closely, increase sensor density"
30.568809171687057,79.5673724633591,11.719098688363006,Ward B,80.38104581011014,Low,Standard periodic monitoring
30.569078571540054,79.56553193705582,7.02482799262976,Ward C,93.74605212498379,Low,Standard periodic monitoring
30.56829728780441,79.56541843689287,6.709533297905138,Ward C,88.69396213844001,Low,Standard periodic monitoring
30.55740317400511,79.56689566456234,10.398924468391815,Ward B,98.03542942074128,Low,Standard periodic monitoring
30.55030913233058,79.56522047981885,1.7798439622374245,Ward B,90.32317287944734,Low,Standard periodic monitoring
30.568566371251755,79.56252440643263,15.659766233112906,Ward D,87.04843078946536,Low,Standard periodic monitoring
30.558563682966348,79.55262489755364,21.366696849125667,Ward C,88.24486066867645,Moderate,"Monitor closely, increase sensor density"
30.569333096380873,79.55065052358982,25.549769740562596,Ward C,98.1769060401056,Moderate,"Monitor closely, increase sensor density"
30.569272399541784,79.56841695695631,2.6683945282184847,Ward A,93.56720780301451,Low,Standard periodic monitoring
30.56706018910935,79.56233300629042,6.9054396366920745,Ward E,70.71883299725648,Low,Standard periodic monitoring
30.55588897784139,79.56593074581951,23.865837331621947,Ward E,85.97077691445735,Moderate,"Monitor closely, increase sensor density"
30.55770195457204,79.55963044703024,11.430017198558879,Ward A,90.5813185052423,Low,Standard periodic monitoring
30.56702273343034,79.55234616377925,21.031467106843536,Ward E,92.38608450533074,Moderate,"Monitor closely, increase sensor density"
30.556338440103126,79.55250371584405,4.192886463312615,Ward B,76.37294936748671,Low,Standard periodic monitoring
30.553389854933723,79.56371130574458,32.90136147349392,Ward E,95.92860289809543,Moderate,"Monitor closely, increase sensor density"
30.561136025249166,79.55860611789798,3.869356176844094,Ward E,98.5797101005374,Low,Standard periodic monitoring
30.568723095483215,79.554010494534,15.323684576912466,Ward A,77.07778764476161,Low,Standard periodic monitoring
30.5639205959335,79.55983189093483,15.61802048617121,Ward D,96.39020217976565,Low,Standard periodic monitoring
30.561401223401788,79.5512841787415,8.873013317097723,Ward E,72.89966499923125,Low,Standard periodic monitoring
30.551943529875416,79.56163942803828,18.88305504814404,Ward E,71.66563439984583,Low,Standard periodic monitoring
30.562300144533985,79.55537986808869,19.264780937807025,Ward D,73.8637916230722,Low,Standard periodic monitoring
30.569801077002086,79.56595118201274,17.81069768686583,Ward A,71.72645827606438,Low,Standard periodic monitoring
30.552801680304732,79.55620723917846,8.737304012784795,Ward D,95.26586589095771,Low,Standard periodic monitoring
30.560366593047274,79.55910440298163,7.3684187993715495,Ward A,71.76559931930232,Low,Standard periodic monitoring
30.567547461438558,79.55023241079816,9.53724629931754,Ward B,78.1227593217733,Low,Standard periodic monitoring
30.564815372355085,79.5514489377559,6.5154140507068465,Ward A,73.10231467172211,Low,Standard periodic monitoring
30.563940314819906,79.55784987112813,28.585850498112784,Ward B,78.83311888578157,Moderate,"Monitor closely, increase sensor density"
30.56404968167974,79.55959877669434,10.225466729254439,Ward B,72.70772808126752,Low,Standard periodic monitoring
30.557189823024395,79.56200041096238,15.001218044987874,Ward A,89.97329719721613,Low,Standard periodic monitoring
30.55587183688529,79.55583325157419,23.799263534598,Ward C,73.986471808643,Moderate,"Monitor closely, increase sensor density"
30.56618722310957,79.56389963772253,6.233114688420161,Ward A,95.47019318258275,Low,Standard periodic monitoring
30.566202267893583,79.56720244794377,3.7040388740834573,Ward E,94.43401241672657,Low,Standard periodic monitoring
30.567341446371604,79.56559701977785,6.535695788067471,Ward E,70.40848439557122,Low,Standard periodic monitoring
30.56826481105113,79.55079237650696,16.233045213919524,Ward C,96.78221802990193,Low,Standard periodic monitoring
30.56022684797722,79.55961013894515,15.434325287829095,Ward B,70.86543507062667,Low,Standard periodic monitoring
30.560030325893745,79.55209860356835,17.786267477624072,Ward C,77.16540897023094,Low,Standard periodic monitoring
30.565965903579336,79.55484090031725,12.295423851992158,Ward E,70.96843521950225,Low,Standard periodic monitoring
30.562999278615557,79.56973325186533,0.6770181098201651,Ward C,80.04172026247555,Low,Standard periodic monitoring
30.564039337545154,79.55284991085803,11.994030808243838,Ward A,85.36460911882682,Low,Standard periodic monitoring
30.565915853388724,79.55997776306903,25.995728622943126,Ward C,93.81968158355264,Moderate,"Monitor closely, increase sensor density"
30.56780010683635,79.56236311468636,30.60826023103576,Ward B,80.1056483590481,Moderate,"Monitor closely, increase sensor density"
30.55675990313703,79.56404929941088,14.270105381900544,Ward A,91.0941517377262,Low,Standard periodic monitoring
30.5575116590528,79.56119297366973,15.47678697241578,Ward D,75.60638326785751,Low,Standard periodic monitoring
30.55187963879682,79.55019541694838,20.757708430062742,Ward E,92.44289385664939,Moderate,"Monitor closely, increase sensor density"
30.561565602819925,79.55652922616487,30.032356301929735,Ward E,77.0562985166862,Moderate,"Monitor closely, increase sensor density"
30.550718845475934,79.5603542328677,13.338786812299478,Ward C,74.29198820271866,Low,Standard periodic monitoring
30.55931196036265,79.55175732998289,20.55630932332066,Ward A,75.54372462618423,Moderate,"Monitor closely, increase sensor density"
30.56085289269415,79.55701253862418,8.417358723575168,Ward D,75.44368755356747,Low,Standard periodic monitoring
30.555730825042566,79.55066406217583,4.282087121870961,Ward A,85.33460009337205,Low,Standard periodic monitoring
30.56181666521138,79.55157156994309,9.178657909878789,Ward E,95.25944767752557,Low,Standard periodic monitoring
30.55061000499878,79.55793846552403,34.663387169167805,Ward A,72.38019180207591,Moderate,"Monitor closely, increase sensor density"
30.550746963774984,79.55265431508086,20.8471239697758,Ward D,91.13799392295334,Moderate,"Monitor closely, increase sensor density"
30.566452011213194,79.56135081696523,4.691038182433432,Ward C,89.56495914362046,Low,Standard periodic monitoring
30.557203812828227,79.56378929938273,21.525988870207566,Ward B,96.08834655969794,Moderate,"Monitor closely, increase sensor density"
30.55254121025304,79.56601173398218,5.0442875388598045,Ward A,77.30001205915653,Low,Standard periodic monitoring
30.560444865201095,79.55400300488489,17.61093861606795,Ward B,83.45828477468238,Low,Standard periodic monitoring
30.565399871061974,79.55334965164518,6.018383962477947,Ward E,97.68223849586117,Low,Standard periodic monitoring
30.554316420549938,79.55209135680668,4.435487280845311,Ward C,89.73380415904599,Low,Standard periodic monitoring
30.56245780951638,79.56272860499087,38.51176613640139,Ward C,81.62417554456175,Moderate,"Monitor closely, increase sensor density"
30.551706949299877,79.56412951452974,10.219205166342196,Ward A,73.92923024737253,Low,Standard periodic monitoring
30.551033634423373,79.55063172289651,20.583621668919292,Ward C,77.84830173622767,Moderate,"Monitor closely, increase sensor density"
30.560627092631364,79.56872424492487,13.760425494738877,Ward A,87.37834277693256,Low,Standard periodic monitoring
30.5608127024322,79.55103942567303,5.430112103724409,Ward A,91.47322163205936,Low,Standard periodic monitoring
30.562748598029966,79.56082592670602,11.108976252796857,Ward B,73.72021441687161,Low,Standard periodic monitoring
30.564521826674454,79.56418121038901,5.474710854888822,Ward C,87.92795807531722,Low,Standard periodic monitoring
30.56951704158925,79.56741938247491,56.995663405467184,Ward A,86.45550323727866,High,Deploy structural engineers for immediate inspection
30.560326006966026,79.56428173864265,23.189156584920042,Ward B,85.36726785605217,Moderate,"Monitor closely, increase sensor density"
30.556459129458826,79.5660345616614,13.566708589215954,Ward D,90.63468121869204,Low,Standard periodic monitoring
30.565903723895374,79.55678900385085,19.819781312842423,Ward B,95.03974289299552,Low,Standard periodic monitoring
30.555416645025243,79.56629650227492,22.17050710762654,Ward B,79.65739152698836,Moderate,"Monitor closely, increase sensor density"
30.558779428414113,79.55160229692768,22.211183826840426,Ward A,96.58146448431769,Moderate,"Monitor closely, increase sensor density"
30.551569127626845,79.5678963331212,21.55984323419067,Ward E,74.80294501729466,Moderate,"Monitor closely, increase sensor density"
30.55050701486831,79.56095184752307,20.427120046155096,Ward E,75.17341370555981,Moderate,"Monitor closely, increase sensor density"
30.569252968293558,79.56634595539924,14.413209037046453,Ward E,77.97648470235532,Low,Standard periodic monitoring
30.566719602410245,79.55904636569036,36.583160990305764,Ward B,73.57397299945762,Moderate,"Monitor closely, increase sensor density"
30.563919484121875,79.56287155390393,15.108392188962998,Ward A,76.88654481801804,Low,Standard periodic monitoring
30.558179058888285,79.56052805321872,13.865834990786396,Ward C,73.18171171079506,Low,Standard periodic monitoring
30.55346588640142,79.5646317904351,15.204919958184773,Ward B,94.57039726786317,Low,Standard periodic monitoring
30.553128740853424,79.55163259964061,16.014905020570072,Ward B,74.15517285741008,Low,Standard periodic monitoring
30.555004857963294,79.5512070416798,2.6919831796202516,Ward A,92.34419697103972,Low,Standard periodic monitoring
30.56098453329412,79.5549420646802,6.476553083773792,Ward D,71.43262465060867,Low,Standard periodic monitoring
30.564291918454003,79.55319089360226,12.295100886610227,Ward B,98.36075779266606,Low,Standard periodic monitoring
30.563203947534355,79.56743567133184,2.5444644540540846,Ward D,91.26368661708021,Low,Standard periodic monitoring
30.55559867793892,79.55438427974715,13.550213469143934,Ward D,70.20321680272474,Low,Standard periodic monitoring
30.569097305613266,79.56951730511638,15.860747853368572,Ward E,92.8393093559864,Low,Standard periodic monitoring
30.564757938333916,79.55673791583541,4.093828222652684,Ward A,85.37104943090894,Low,Standard periodic monitoring
30.56108708105023,79.55364235831377,7.926909145122538,Ward D,93.30301859302008,Low,Standard periodic monitoring
30.56223441492469,79.56579397014285,31.433563387020893,Ward A,85.6226545858286,Moderate,"Monitor closely, increase sensor density"
30.558392001248556,79.56317415551001,19.962335841967832,Ward E,89.1666432432971,Low,Standard periodic monitoring
30.554954619790024,79.55996391432906,19.16926227867984,Ward A,93.51131649631171,Low,Standard periodic monitoring
30.557119453573026,79.56110727101874,28.915410909154264,Ward B,82.11273083217692,Moderate,"Monitor closely, increase sensor density"
30.565156922209287,79.56438403556544,6.589780500744553,Ward D,70.08097367963151,Low,Standard periodic monitoring
30.550287869772596,79.55456909482662,4.105999950196524,Ward A,95.41340022876113,Low,Standard periodic monitoring
30.55232145281014,79.56992667832112,26.35092510489605,Ward C,81.38862184247742,Moderate,"Monitor closely, increase sensor density"
30.550920052840436,79.56949586324293,12.564196800674681,Ward A,84.83167750789583,Low,Standard periodic monitoring
30.55081457604638,79.56300651372693,6.434232166662639,Ward D,70.23222260040366,Low,Standard periodic monitoring
30.567109211680222,79.55399084901858,2.6680370717771216,Ward E,84.71355110946793,Low,Standard periodic monitoring
30.5640731571876,79.56360456484862,15.333783779156409,Ward E,99.49597330699473,Low,Standard periodic monitoring
30.559483476581747,79.55144396817958,11.465349665297873,Ward D,78.32020305848121,Low,Standard periodic monitoring
30.55195668321302,79.55061305004412,9.971883810695465,Ward B,81.82300628024711,Low,Standard periodic monitoring
30.559832317502337,79.55515365777022,1.0519763953315369,Ward B,90.54698089441344,Low,Standard periodic monitoring
30.55946943541561,79.55925245913478,36.2685739293734,Ward E,94.3623306589574,Moderate,"Monitor closely, increase sensor density"
30.5534640373982,79.56736545010816,3.371181527723665,Ward E,82.4800095577824,Low,Standard periodic monitoring
30.55867703298476,79.56454338139532,10.76461766819226,Ward D,79.25909922499865,Low,Standard periodic monitoring
30.55797009468795,79.564854130424,9.373299778159947,Ward B,98.0409914195535,Low,Standard periodic monitoring
30.562317001961045,79.55850986668895,20.3823958968867,Ward E,90.24663450348291,Moderate,"Monitor closely, increase sensor density"
30.562701873017353,79.55691869985094,2.701875262751072,Ward B,73.55873700434492,Low,Standard periodic monitoring
30.550906080195443,79.55742077525969,18.698899269407075,Ward E,72.060943556226,Low,Standard periodic monitoring
30.55749225229253,79.56975299127471,15.390146272034977,Ward A,84.45814053863204,Low,Standard periodic monitoring
30.562517198314286,79.55080218382825,7.598419010721886,Ward C,76.58069297481345,Low,Standard periodic monitoring
30.5600627251716,79.56734062992244,18.233286308325077,Ward A,77.59414412594998,Low,Standard periodic monitoring
30.567129796823767,79.56157350817145,13.532070039036002,Ward E,96.24299614695266,Low,Standard periodic monitoring
30.56317387263238,79.5587723083838,41.9985791749561,Ward C,72.67802412705768,High,Deploy structural engineers for immediate inspection
30.55325868854163,79.5645051532083,11.457275356052012,Ward C,91.38938704534381,Low,Standard periodic monitoring
30.55141137494801,79.55973337882848,5.693886065993867,Ward E,78.10715337607958,Low,Standard periodic monitoring
30.562848385564127,79.56746846476163,18.831634528030996,Ward E,92.73381381998372,Low,Standard periodic monitoring
30.55053022621083,79.56801403728022,10.354389763199359,Ward B,91.60010039545999,Low,Standard periodic monitoring
30.56171551162547,79.55843441853746,13.326016338882905,Ward E,70.22101785318436,Low,Standard periodic monitoring
30.5688046048285,79.5555365559447,4.139862367725965,Ward D,85.22314884635581,Low,Standard periodic monitoring
30.56150948355752,79.56184700657187,20.601946038980522,Ward E,74.16565252310359,Moderate,"Monitor closely, increase sensor density"
30.55776339852413,79.56824726691232,9.044096386963478,Ward D,95.90018821430245,Low,Standard periodic monitoring
30.562865764368848,79.55421324378011,16.27213553860217,Ward E,96.06041789758596,Low,Standard periodic monitoring
30.55916505780983,79.56245933167126,48.90069957569457,Ward B,82.50853964406338,High,Deploy structural engineers for immediate inspection
30.56091233578632,79.56263120440184,10.94132777239095,Ward D,83.2874289916873,Low,Standard periodic monitoring
30.56882929617553,79.5646622604483,22.590765325191594,Ward A,79.06815988819537,Moderate,"Monitor closely, increase sensor density"
30.557722052756016,79.55263135370254,11.547871324557587,Ward D,91.42652833890493,Low,Standard periodic monitoring
30.56922381127648,79.56431649929364,7.688284671993405,Ward B,80.72397475449112,Low,Standard periodic monitoring
30.56810701283912,79.56818065041331,32.1647195500798,Ward D,78.00699498822675,Moderate,"Monitor closely, increase sensor density"
30.553915822695785,79.5535936621774,1.8538841192699116,Ward E,82.9237086791848,Low,Standard periodic monitoring
30.551387226017503,79.55475086649848,26.680502701984626,Ward E,72.73547679978502,Moderate,"Monitor closely, increase sensor density"
30.55201556002755,79.56942790188083,1.5813781353577228,Ward B,92.3234358188617,Low,Standard periodic monitoring
30.550364436513032,79.55361953905418,24.83987056839948,Ward C,70.37663239802643,Moderate,"Monitor closely, increase sensor density"
30.55188885921512,79.56708770186738,13.481288866004299,Ward E,89.27010333946576,Low,Standard periodic monitoring
30.56366013546833,79.55984555712895,5.708522792261709,Ward A,75.46764934997069,Low,Standard periodic monitoring
30.551423772969205,79.55494462148806,9.555812345495012,Ward B,76.94888098181096,Low,Standard periodic monitoring
30.556379512605876,79.56741499802544,21.751883667319355,Ward D,89.0053967593372,Moderate,"Monitor closely, increase sensor density"
30.56689750621939,79.55890610510005,45.934727106111644,Ward D,99.68900962690893,High,Deploy structural engineers for immediate inspection
30.550465438714717,79.56029634707859,2.8244110956067288,Ward A,93.25375292326927,Low,Standard periodic monitoring
30.56628936965178,79.55718466738799,6.038263323639265,Ward E,76.75260500347942,Low,Standard periodic monitoring
30.55563709549547,79.5618590170287,3.772868788992918,Ward B,75.2631401757299,Low,Standard periodic monitoring
30.552363296552432,79.55327047745169,11.473931281316185,Ward A,95.90036282100334,Low,Standard periodic monitoring
30.563934743307282,79.55782163073303,25.29694538016994,Ward E,83.28110004285298,Moderate,"Monitor closely, increase sensor density"
30.5625788569356,79.56938824644669,3.260023956072,Ward B,74.09787880456184,Low,Standard periodic monitoring
30.56754944027054,79.55516266865402,13.208868525132836,Ward D,95.78012155732596,Low,Standard periodic monitoring
30.564701420876077,79.56313473329082,24.75069077436988,Ward B,94.40116135213643,Moderate,"Monitor closely, increase sensor density"
30.5660696186077,79.55650380128449,9.442735540669112,Ward C,99.4188002805252,Low,Standard periodic monitoring
30.555640691451426,79.56546946251373,15.495415862209962,Ward B,97.20133623270925,Low,Standard periodic monitoring
30.553548790875595,79.55261747321437,30.60199661942523,Ward C,95.4685311259502,Moderate,"Monitor closely, increase sensor density"
30.56501229503282,79.56939642090157,5.048629918048596,Ward B,71.571974494549,Low,Standard periodic monitoring
30.566136694785346,79.55907579082766,2.108521818694854,Ward C,73.12201954799373,Low,Standard periodic monitoring
30.569810102840012,79.55472100926693,16.914652034745256,Ward D,87.01259750969328,Low,Standard periodic monitoring
30.55825235353823,79.5514699349466,17.256110015298603,Ward E,85.89122946382645,Low,Standard periodic monitoring
30.557440361715855,79.55339515810175,8.907756764217371,Ward C,83.69310011323711,Low,Standard periodic monitoring
30.56552825921484,79.56039547897112,7.501393234741944,Ward C,81.86400082989607,Low,Standard periodic monitoring
30.556816070805063,79.55674006352862,13.689177493950238,Ward D,82.89319349744343,Low,Standard periodic monitoring
30.568615146512073,79.56657766731765,4.96160716498013,Ward C,87.02200823063038,Low,Standard periodic monitoring
30.56716825503686,79.55861775047323,4.969202744896054,Ward A,70.06208787624243,Low,Standard periodic monitoring
30.5585798805475,79.55497428545175,21.65263122819246,Ward D,77.79519234657228,Moderate,"Monitor closely, increase sensor density"
30.56501742135583,79.56234289973207,4.639954284699855,Ward A,85.49656364859247,Low,Standard periodic monitoring
30.565090857481692,79.5641355443377,2.2719834070423897,Ward D,91.59426135034202,Low,Standard periodic monitoring
30.55206247737672,79.55334083815802,7.488333239393086,Ward C,75.20728510262235,Low,Standard periodic monitoring
30.56805105813359,79.55335238432576,9.089122822357288,Ward A,86.35174709624425,Low,Standard periodic monitoring
30.560105047448957,79.55073342853866,18.697452971974414,Ward C,91.36234454818488,Low,Standard periodic monitoring
30.566529149322154,79.5647280403013,8.065364138186336,Ward D,83.29436697162575,Low,Standard periodic monitoring
30.556400992020613,79.56327609055243,34.078984775704846,Ward C,70.80972589673452,Moderate,"Monitor closely, increase sensor density"
30.567910464569923,79.55949261751499,14.234049018436686,Ward A,83.43311793812254,Low,Standard periodic monitoring
30.557784033574684,79.56688340897938,6.6065274785056625,Ward A,78.86370214355019,Low,Standard periodic monitoring
30.550216753029606,79.56611340305899,18.13816057440431,Ward C,97.79652327026972,Low,Standard periodic monitoring
30.568107639528385,79.56170708728793,33.67952657568319,Ward B,73.72594023178199,Moderate,"Monitor closely, increase sensor density"
30.551825733535722,79.56736542561026,21.24254077247092,Ward D,89.50903106966625,Moderate,"Monitor closely, increase sensor density"
30.55638627275181,79.55411682420073,3.0548759864793564,Ward D,71.57632101340158,Low,Standard periodic monitoring
30.569001239341016,79.55223839238795,9.747859596824853,Ward C,83.34049609059963,Low,Standard periodic monitoring
30.569012142938753,79.55539499223033,16.08791838540124,Ward B,86.56398666788041,Low,Standard periodic monitoring
30.561468757762466,79.55114173712178,20.632435845022446,Ward A,78.90885244637428,Moderate,"Monitor closely, increase sensor density"
30.562636744243395,79.56062339056001,11.529371705575373,Ward E,83.6067615020595,Low,Standard periodic monitoring
30.558968910439567,79.5687321138459,10.288131849706838,Ward E,74.8902584564526,Low,Standard periodic monitoring
30.55586421543396,79.55078687081337,41.79613540592423,Ward C,79.09330309909429,High,Deploy structural engineers for immediate inspection
30.556573290907398,79.5524421982802,21.461292457162532,Ward B,88.57107911481508,Moderate,"Monitor closely, increase sensor density"
30.56345036912154,79.55904398056566,18.17861922526546,Ward B,79.02382167024854,Low,Standard periodic monitoring
30.565047490588753,79.56867750035055,8.358479805105434,Ward D,96.90231804442527,Low,Standard periodic monitoring
30.565831580874516,79.55632312209953,4.892954348513671,Ward A,88.78936803346559,Low,Standard periodic monitoring
30.56579236285589,79.56014469617377,18.40706358951732,Ward B,83.11560565123594,Low,Standard periodic monitoring
30.551824122060975,79.550831457181,23.104603414561232,Ward E,71.15883237307006,Moderate,"Monitor closely, increase sensor density"
30.559888406094053,79.55296686401924,13.275621366971652,Ward A,84.93649522261967,Low,Standard periodic monitoring
30.551151175200335,79.56973260245917,21.501281811320954,Ward A,92.86680963954018,Moderate,"Monitor closely, increase sensor density"
30.560990577646475,79.56930237392872,21.884103208636848,Ward C,77.94017218057117,Moderate,"Monitor closely, increase sensor density"
30.558830610027467,79.55009879961868,24.165922319461288,Ward B,94.12252973249815,Moderate,"Monitor closely, increase sensor density"
30.567754083655167,79.56903623570845,2.998024765080891,Ward C,77.52902230492136,Low,Standard periodic monitoring
30.55701830025104,79.5627823987563,9.9754260926777,Ward B,94.63001699972894,Low,Standard periodic monitoring
30.552341340328553,79.5673583658904,19.20143328516271,Ward D,72.54952341418915,Low,Standard periodic monitoring
30.552859833641058,79.55909479711268,13.85402851821274,Ward C,95.89889289518399,Low,Standard periodic monitoring
30.56523021263435,79.56031192057158,21.931426017493468,Ward C,84.92567488290658,Moderate,"Monitor closely, increase sensor density"
30.562364361266326,79.55977693160513,18.17082751799698,Ward E,78.86647392964584,Low,Standard periodic monitoring
30.552022453522458,79.56333728515092,1.1671180527262903,Ward C,77.92688618741295,Low,Standard periodic monitoring
30.551682136122302,79.55279302509513,28.177773982486546,Ward B,82.91711571201785,Moderate,"Monitor closely, increase sensor density"
30.564019382629183,79.55059947179745,8.97415083729898,Ward E,99.871579993299,Low,Standard periodic monitoring
30.551455260127284,79.55615859883181,6.260242894913526,Ward C,76.58778906378372,Low,Standard periodic monitoring
30.566437201185806,79.56409361525473,27.549517288818322,Ward C,73.0861778014821,Moderate,"Monitor closely, increase sensor density"
30.56412484454313,79.55403706904245,20.77484369504787,Ward D,87.492551544688,Moderate,"Monitor closely, increase sensor density"
30.551626975612837,79.56346864866649,30.175612944606456,Ward C,84.60741974656369,Moderate,"Monitor closely, increase sensor density"
30.551696754281704,79.56939824092214,16.217614480492067,Ward A,85.6734685047929,Low,Standard periodic monitoring
30.569732791570022,79.55187801431579,9.871539681054475,Ward E,89.9413689849608,Low,Standard periodic monitoring
30.557485415915124,79.5634520423645,14.869747015833559,Ward A,77.98760768913242,Low,Standard periodic monitoring
30.55741284294134,79.55887500438608,5.277312216015421,Ward E,97.22888336197826,Low,Standard periodic monitoring
30.56625599134515,79.56736284508754,3.6742213627109552,Ward D,83.02659477705649,Low,Standard periodic monitoring
30.568944971547676,79.55354299578894,7.83306814342537,Ward C,73.8596772347596,Low,Standard periodic monitoring
30.569720021276456,79.56385251904452,36.27449126048792,Ward C,92.19473282634493,Moderate,"Monitor closely, increase sensor density"
30.565067563705178,79.56676230579295,8.52985168261969,Ward C,89.22882014327372,Low,Standard periodic monitoring
30.557525191710617,79.56889228438948,2.3310514044026305,Ward E,79.44072773427271,Low,Standard periodic monitoring
30.551670014333975,79.56366496056579,11.787165575866844,Ward C,88.58340984861806,Low,Standard periodic monitoring
30.56554293831855,79.55994349528017,8.4344679093635,Ward A,76.57387249543241,Low,Standard periodic monitoring
30.561168084994716,79.56235694480402,28.5235294405623,Ward C,83.30069684428183,Moderate,"Monitor closely, increase sensor density"
30.55848444018494,79.56737809968956,34.58595575180076,Ward D,96.89243441280303,Moderate,"Monitor closely, increase sensor density"
30.568127087701896,79.56141219493277,9.502736818866449,Ward A,73.9926735715064,Low,Standard periodic monitoring
30.552223949646123,79.55060774119393,16.206201631969115,Ward C,81.56222385462512,Low,Standard periodic monitoring
30.559852502085818,79.56861897391013,17.208458456666328,Ward C,94.55215849913839,Low,Standard periodic monitoring
30.55022707289535,79.56379053502063,12.837139712820187,Ward B,98.98777789224474,Low,Standard periodic monitoring
30.559373212839883,79.56353026771554,11.092516556314443,Ward E,83.5723914790117,Low,Standard periodic monitoring
30.55112606551364,79.55431350304795,5.8845844380320536,Ward A,85.15928864228609,Low,Standard periodic monitoring
30.55237635832536,79.56317770940464,1.9108721543859113,Ward B,87.10794165733472,Low,Standard periodic monitoring
30.552350524935544,79.55787728811308,5.853044012966531,Ward D,97.87720943484796,Low,Standard periodic monitoring
30.562984206042323,79.56302465954083,12.490021420332967,Ward E,95.6603830502132,Low,Standard periodic monitoring
30.56492089758531,79.55213186060615,3.2662084154992814,Ward A,75.10097362618717,Low,Standard periodic monitoring
30.561667375301944,79.56315690609206,15.590584021813427,Ward C,83.05905875362754,Low,Standard periodic monitoring
30.56924345096949,79.56998827451541,14.062418129417136,Ward A,83.87361280307314,Low,Standard periodic monitoring
30.557497411590475,79.5509642407772,8.446705898569983,Ward C,93.59397373829783,Low,Standard periodic monitoring
30.55571424172564,79.56954348368441,10.719881047570276,Ward E,88.02649718990251,Low,Standard periodic monitoring
30.567371982563788,79.55813815921445,3.911333122917184,Ward C,89.5611918146675,Low,Standard periodic monitoring
30.55447191677039,79.56741506900674,23.86975928188938,Ward D,99.84617723920198,Moderate,"Monitor closely, increase sensor density"
30.56926445078881,79.56564770968116,23.591642294770548,Ward C,72.24130529975339,Moderate,"Monitor closely, increase sensor density"
30.550243089493797,79.56134032521973,4.642666782180741,Ward D,76.66799372365861,Low,Standard periodic monitoring
30.569397576534154,79.56476898418502,4.775377211182137,Ward E,82.19608852740924,Low,Standard periodic monitoring
30.55086319823901,79.56757031122602,5.9249699752593505,Ward E,80.39869385116172,Low,Standard periodic monitoring
30.56782286227396,79.55808280643302,19.878451750846892,Ward A,70.64720228427481,Low,Standard periodic monitoring
30.560554022181726,79.55654066323126,17.169327318319617,Ward D,72.74415043348816,Low,Standard periodic monitoring
30.569859295922388,79.56335186771126,27.338638151732596,Ward D,90.36050341296693,Moderate,"Monitor closely, increase sensor density"
30.551475931294707,79.56615691883881,29.427848924404515,Ward B,96.29180145454058,Moderate,"Monitor closely, increase sensor density"
30.561077085688027,79.56524570269552,2.947769009375531,Ward B,85.37538763685274,Low,Standard periodic monitoring
30.56938605071238,79.56595627297716,19.38096791872386,Ward B,86.12181327745763,Low,Standard periodic monitoring
30.560461956883405,79.55871166629625,28.642945973402636,Ward C,77.62729364168814,Moderate,"Monitor closely, increase sensor density"
30.562587972762707,79.5663566843235,10.172061372118367,Ward B,92.95950327264798,Low,Standard periodic monitoring
30.563914973779692,79.5524041811074,13.091563976792402,Ward D,92.47865816228096,Low,Standard periodic monitoring
30.559090821295356,79.56088978195922,11.612458922073097,Ward C,87.59213410760793,Low,Standard periodic monitoring
30.562551161601682,79.55011517320996,12.021062089106554,Ward E,76.35866216668916,Low,Standard periodic monitoring
30.561686286238462,79.556491716598,23.81368719464096,Ward A,72.90084472528898,Moderate,"Monitor closely, increase sensor density"
30.56802316020982,79.55732923069742,40.7948954052595,Ward B,71.92073341812807,High,Deploy structural engineers for immediate inspection
30.55090892760683,79.55792345383217,33.29511514793738,Ward E,87.72161239262205,Moderate,"Monitor closely, increase sensor density"
30.555619263791844,79.56390934413379,8.784051353378512,Ward D,94.66855604236973,Low,Standard periodic monitoring
30.569008229681533,79.5577711620254,16.24395066003846,Ward A,95.66407991024965,Low,Standard periodic monitoring
30.56780527567782,79.55897387245244,6.766239768423136,Ward E,83.86230002286915,Low,Standard periodic monitoring
30.559113135055714,79.55475088261748,7.397474222679148,Ward A,93.44971184927084,Low,Standard periodic monitoring
30.56240265195603,79.55746503583258,12.651483816827264,Ward B,98.31171787059661,Low,Standard periodic monitoring
30.555547623659624,79.55454539254526,7.223002566495421,Ward D,78.22758636339323,Low,Standard periodic monitoring
30.553762423194478,79.55146391847536,8.195008071883194,Ward A,81.89901435678465,Low,Standard periodic monitoring
30.5592739680988,79.56206897186762,15.961880278606538,Ward E,97.85122187864076,Low,Standard periodic monitoring
30.557067044560522,79.5633642559711,19.188520783568062,Ward B,80.11310592278681,Low,Standard periodic monitoring
30.561673122237018,79.56238980692018,18.826382476019088,Ward B,97.32490108062171,Low,Standard periodic monitoring
30.551554692739302,79.559269880876,18.959890332027044,Ward E,99.33324138140853,Low,Standard periodic monitoring
30.569487896153323,79.55759571560358,4.200513441339887,Ward E,89.7881407843753,Low,Standard periodic monitoring
30.569724214889593,79.56726667299144,6.901701522450575,Ward A,94.42501965617464,Low,Standard periodic monitoring
30.563963234280397,79.56038163570273,13.729004223276021,Ward C,92.41141237021046,Low,Standard periodic monitoring
30.560721927326885,79.55958363755259,27.768601903609152,Ward B,90.91607430270416,Moderate,"Monitor closely, increase sensor density"
30.556190552325727,79.55051284131612,55.67996653439668,Ward A,79.17723908213885,High,Deploy structural engineers for immediate inspection
30.56627590039414,79.55682495655252,16.723743361375316,Ward E,71.70712070344752,Low,Standard periodic monitoring
30.563694623451077,79.55760391237571,22.260228489214196,Ward A,80.25724680233756,Moderate,"Monitor closely, increase sensor density"
30.553252338786898,79.55797645561793,3.7360767110415423,Ward E,89.94138595759681,Low,Standard periodic monitoring
30.568218543689877,79.56160344738454,21.846486293653264,Ward D,73.06562302701126,Moderate,"Monitor closely, increase sensor density"
30.566450744858464,79.56067205093453,46.31446764701045,Ward E,70.35634769104944,High,Deploy structural engineers for immediate inspection
30.568995998265837,79.56215810185586,6.879284354883152,Ward E,74.17680194082787,Low,Standard periodic monitoring
30.56451439016777,79.56529766523083,8.42480717999653,Ward E,91.40050419968279,Low,Standard periodic monitoring
30.562268303918717,79.56625971477432,24.327267279075162,Ward C,99.08653167952768,Moderate,"Monitor closely, increase sensor density"
30.558364860725813,79.56436246152452,13.59726642744211,Ward E,99.39363451848314,Low,Standard periodic monitoring
30.568654569667082,79.5691104739191,1.7104701324595137,Ward B,84.76997655929162,Low,Standard periodic monitoring
30.567321277790008,79.55036465165352,8.861315184471248,Ward B,95.99363379967119,Low,Standard periodic monitoring
30.550904373402126,79.55391555971367,34.491141710211735,Ward A,92.03111102696998,Moderate,"Monitor closely, increase sensor density"
30.550527339489946,79.55015125749956,10.654754990133334,Ward C,84.98110308583965,Low,Standard periodic monitoring
30.55752926733756,79.56294949428309,10.647666137919943,Ward A,87.1255399353571,Low,Standard periodic monitoring
30.566211066615637,79.567960610979,23.27541045826664,Ward B,74.10309168384444,Moderate,"Monitor closely, increase sensor density"
30.5697455225863,79.55486964593152,17.16275243904276,Ward B,98.03607767243611,Low,Standard periodic monitoring
30.55300833782207,79.56854069089592,10.195955986005119,Ward D,80.52270014488013,Low,Standard periodic monitoring
30.56188261430704,79.55120534780579,7.95706678218492,Ward E,83.33986276806937,Low,Standard periodic monitoring
30.55761781713262,79.5686887205361,72.87051622891565,Ward B,90.08264090683718,Critical,Evacuate immediately and deploy emergency response
30.569398287956293,79.55703245374478,30.762163886386592,Ward A,79.98368389864396,Moderate,"Monitor closely, increase sensor density"
30.566842378462713,79.55202841656899,18.954890186032998,Ward A,77.60234891356902,Low,Standard periodic monitoring
30.566766574094224,79.55971743518373,19.82174109856567,Ward E,88.8683768587796,Low,Standard periodic monitoring
30.5593738631959,79.55513553135441,12.07916419759995,Ward E,70.7470240602273,Low,Standard periodic monitoring
30.558296390046753,79.55569745803923,17.014428380142604,Ward D,91.5496808495977,Low,Standard periodic monitoring
30.555468141438613,79.55614579929852,11.098008783483303,Ward C,85.36929875930764,Low,Standard periodic monitoring
30.551127509933018,79.56606051795664,6.331444555534652,Ward A,88.11203654257594,Low,Standard periodic monitoring
30.5672944475251,79.5607832255335,17.500171330269417,Ward E,88.89321676148187,Low,Standard periodic monitoring
30.5662580201826,79.55622615398312,10.350274739165418,Ward A,85.75879967912766,Low,Standard periodic monitoring
30.569994353465724,79.56220667566622,18.15967768186649,Ward E,87.41775994547801,Low,Standard periodic monitoring
30.569932736741478,79.56432301348445,20.634198067847823,Ward B,90.44526720660726,Moderate,"Monitor closely, increase sensor density"
30.561108634112053,79.55545248001467,18.847575775078198,Ward A,92.51825353067227,Low,Standard periodic monitoring
30.56537974830361,79.5582709820305,5.87173411447531,Ward B,91.750826499455,Low,Standard periodic monitoring
30.56889531459765,79.55243772186674,9.470621441282434,Ward A,96.00153208619463,Low,Standard periodic monitoring
30.56699294781355,79.55362298699069,10.511968498133253,Ward C,75.66435865170534,Low,Standard periodic monitoring
30.554946962034865,79.5636223570793,26.16403242287016,Ward D,81.99432428780474,Moderate,"Monitor closely, increase sensor density"
30.559010882706204,79.5536287669539,25.246397134909532,Ward B,98.33910237383228,Moderate,"Monitor closely, increase sensor density"
30.552583188303032,79.56050326767334,7.265501836477297,Ward E,81.85805817415127,Low,Standard periodic monitoring
30.569081020545173,79.56418092523444,4.1016352823558595,Ward C,73.73361529948708,Low,Standard periodic monitoring
30.562123492689018,79.55213753846189,57.38011551448736,Ward A,85.71080927822916,High,Deploy structural engineers for immediate inspection
30.55457285611007,79.56134624439257,18.323428150515745,Ward B,73.27378007937843,Low,Standard periodic monitoring
30.563434013688116,79.55513125567403,3.5661904082530036,Ward A,76.06531183796316,Low,Standard periodic monitoring
30.56236256480916,79.56925853750475,8.309613021457148,Ward A,99.84973082147161,Low,Standard periodic monitoring
30.557163254360656,79.5596709129344,26.90861512249759,Ward A,86.18674288804435,Moderate,"Monitor closely, increase sensor density"
30.552271151843993,79.56611985099549,48.62418623772052,Ward D,78.49334583230883,High,Deploy structural engineers for immediate inspection
30.563431463911858,79.56100453084312,43.494412107653076,Ward D,99.7437711417598,High,Deploy structural engineers for immediate inspection
30.560406154018075,79.55086825065709,17.775623085861273,Ward E,98.90011166479879,Low,Standard periodic monitoring
30.565446367834713,79.56266302751187,13.368225808508729,Ward B,83.17809732841948,Low,Standard periodic monitoring
30.560403270022242,79.56902806684413,5.363942825402161,Ward C,77.78605295275847,Low,Standard periodic monitoring
30.56704363000637,79.56203223640293,14.238030363931882,Ward C,95.06814917895649,Low,Standard periodic monitoring
30.56103813677549,79.56638377718853,6.059225500084781,Ward C,91.39705943745639,Low,Standard periodic monitoring
30.56121875943071,79.56768412926696,9.54701017211657,Ward A,90.53954890660496,Low,Standard periodic monitoring
30.567533072053166,79.55456159543897,24.309741157226224,Ward D,96.70410086554193,Moderate,"Monitor closely, increase sensor density"
30.55806965732425,79.55424089679816,11.054009855095012,Ward B,90.61357230275262,Low,Standard periodic monitoring
30.552680304569012,79.56221961977701,10.471592379468309,Ward A,78.48555849694232,Low,Standard periodic monitoring
30.550575653526266,79.55822056939613,12.821514578556938,Ward D,90.74650854008439,Low,Standard periodic monitoring
30.565102745113474,79.56679722605733,62.84834517332049,Ward D,79.14382398738155,Critical,Evacuate immediately and deploy emergency response
30.56240619102707,79.56800046246795,4.830685561352594,Ward B,92.70124549174416,Low,Standard periodic monitoring
30.564081595361984,79.55706842758605,16.446824404545584,Ward B,88.53046084929782,Low,Standard periodic monitoring
30.554259283230177,79.55473741117949,40.99190815274673,Ward B,72.31460540434404,High,Deploy structural engineers for immediate inspection
30.552727429511737,79.56561051030486,12.792195995471191,Ward A,85.33377733681075,Low,Standard periodic monitoring
30.55029089331336,79.55549612071096,30.38304420318142,Ward E,80.26469897895265,Moderate,"Monitor closely, increase sensor density"
30.557011751176134,79.56645228637026,3.822345337421675,Ward B,79.8242619186956,Low,Standard periodic monitoring
30.561798353737093,79.55847476507297,11.344908628269671,Ward E,88.00746344107999,Low,Standard periodic monitoring
30.557844880901996,79.56335099798582,6.659875603914957,Ward A,79.63751225163581,Low,Standard periodic monitoring
30.558749498440474,79.55191070627669,12.68795650488652,Ward E,93.2291230713257,Low,Standard periodic monitoring
30.568083173889875,79.56247718649352,12.895927574505382,Ward C,72.11666393673411,Low,Standard periodic monitoring
30.556965109340467,79.55903535357474,13.941612095175984,Ward E,89.74560874663518,Low,Standard periodic monitoring
30.5602797897832,79.56173216926351,24.155618470946802,Ward B,94.19492462933657,Moderate,"Monitor closely, increase sensor density"
30.565673060254824,79.55336028415489,0.9868219474336581,Ward A,90.11766752862087,Low,Standard periodic monitoring
30.557930855646426,79.56473747489888,7.997666682374957,Ward B,84.86715293109788,Low,Standard periodic monitoring
30.562441734004558,79.56725594155085,15.636668764013589,Ward C,98.41417971071182,Low,Standard periodic monitoring
30.567247274174935,79.55433479600181,1.8262680769005795,Ward B,78.9681608449621,Low,Standard periodic monitoring
30.568990412473152,79.5519142911104,20.81242071503041,Ward B,70.57311983699684,Moderate,"Monitor closely, increase sensor density"
30.55294146961858,79.55047277172092,7.868750783332767,Ward B,82.91648220675688,Low,Standard periodic monitoring
30.56853175250323,79.56283943000886,11.51692057211577,Ward D,70.98705688341978,Low,Standard periodic monitoring
30.55984232586159,79.56214188072177,24.909815871847222,Ward C,98.52270890053963,Moderate,"Monitor closely, increase sensor density"
30.55516488776598,79.56093394825427,31.309895792533897,Ward B,76.27654956786674,Moderate,"Monitor closely, increase sensor density"
30.559182715124766,79.55463894192232,21.257645615138333,Ward B,93.5889180160715,Moderate,"Monitor closely, increase sensor density"
30.56960065150571,79.55781811991811,4.696946758997164,Ward B,93.15970528691352,Low,Standard periodic monitoring
30.55985236187986,79.56188952670372,20.52307706990042,Ward A,76.51009410051971,Moderate,"Monitor closely, increase sensor density"
30.55657503220575,79.55993533717718,21.49558474237879,Ward D,88.574673261357,Moderate,"Monitor closely, increase sensor density"
30.562668017086335,79.5697557104043,18.63566506948304,Ward A,71.43756115774487,Low,Standard periodic monitoring
30.554802912375564,79.55272879505114,34.72893743617377,Ward D,84.45888011254564,Moderate,"Monitor closely, increase sensor density"
30.551517266562175,79.56390289108094,14.217964624321924,Ward B,70.43794910544736,Low,Standard periodic monitoring
30.552577594438215,79.55808637536208,33.84954239388274,Ward C,97.54220201740718,Moderate,"Monitor closely, increase sensor density"
30.552560916779157,79.5585639922985,33.713470033112564,Ward E,99.1849721235672,Moderate,"Monitor closely, increase sensor density"
30.553038053870246,79.56435195531316,21.91811464137569,Ward E,76.6462547224937,Moderate,"Monitor closely, increase sensor density"
30.55277654345299,79.56384872302648,16.63689151725544,Ward B,76.22237043443155,Low,Standard periodic monitoring
30.562817494896066,79.56982511987404,18.711999227446704,Ward A,92.53623327920768,Low,Standard periodic monitoring
30.553637601687985,79.55256788578907,39.724196227762974,Ward C,77.5760440249971,Moderate,"Monitor closely, increase sensor density"
30.556913345666477,79.55208219298768,27.744440685337906,Ward D,96.76278911893917,Moderate,"Monitor closely, increase sensor density"
30.567935768198122,79.56448677634256,5.25978056307908,Ward B,87.16048117007718,Low,Standard periodic monitoring
30.55947923280526,79.56156773834012,17.879823528543767,Ward C,80.48825092800834,Low,Standard periodic monitoring
30.56335115477042,79.55548321333119,6.355189022288997,Ward C,94.89754301584766,Low,Standard periodic monitoring
30.553446397424032,79.55158838737978,7.668869195273022,Ward D,84.75286034236052,Low,Standard periodic monitoring
30.553845780376175,79.55171316499192,9.86113881299435,Ward C,97.25782411988342,Low,Standard periodic monitoring
30.55081737232533,79.56788381749328,3.4476974726036658,Ward A,97.7476256782085,Low,Standard periodic monitoring
30.553378701261444,79.55383734649438,5.983781942709895,Ward A,74.94606254863945,Low,Standard periodic monitoring
30.55557180678064,79.55646743124231,35.9845501733457,Ward A,70.06946984334472,Moderate,"Monitor closely, increase sensor density"
30.553540209685536,79.55453312804454,7.627901507300947,Ward C,99.41953511025784,Low,Standard periodic monitoring
30.551774050675142,79.55709992611663,24.24927861022474,Ward A,97.09351233021164,Moderate,"Monitor closely, increase sensor density"
30.552412717422012,79.55138847685492,15.18799034067462,Ward D,71.65781254754486,Low,Standard periodic monitoring
30.559215575360653,79.56038119581817,19.902385053086594,Ward C,94.907724491838,Low,Standard periodic monitoring
30.554126674368117,79.55135225127184,20.501520945996795,Ward E,83.68836748352028,Moderate,"Monitor closely, increase sensor density"
30.557285397220962,79.56600713015644,5.741389615394895,Ward C,77.74295199024677,Low,Standard periodic monitoring
30.560068345417097,79.55467424163821,24.151679180236126,Ward D,96.2745210579402,Moderate,"Monitor closely, increase sensor density"
30.563807896572587,79.56080023829209,4.225135506014843,Ward E,75.8803502484702,Low,Standard periodic monitoring
30.55078624279682,79.56760158175122,7.354109650797129,Ward C,98.32426998266001,Low,Standard periodic monitoring
30.56598820797818,79.56301754738094,20.293075554554786,Ward A,76.1480824822103,Moderate,"Monitor closely, increase sensor density"
30.562558007789818,79.56065915573102,5.394061332104307,Ward B,88.34912731308944,Low,Standard periodic monitoring
30.55163518063898,79.5564866750623,1.6000954735404298,Ward B,76.67028140241635,Low,Standard periodic monitoring
30.567471572482138,79.55666003826116,17.280328001379345,Ward A,86.31549308256218,Low,Standard periodic monitoring
30.568417448010635,79.56338973910395,2.822352103493174,Ward B,90.45085638446272,Low,Standard periodic monitoring
30.5512215591971,79.56988278722442,21.6493422669068,Ward B,75.68781513152211,Moderate,"Monitor closely, increase sensor density"
30.555537552962946,79.56323678379698,10.45078039063289,Ward A,85.57448490275031,Low,Standard periodic monitoring
30.56612402559586,79.5611556683474,17.10180113591466,Ward A,84.02488635726456,Low,Standard periodic monitoring
30.564965193807673,79.56461301020478,16.872376394213212,Ward C,72.1240188999599,Low,Standard periodic monitoring
30.553690420387127,79.55930411224567,22.776168526297706,Ward C,94.46740374849156,Moderate,"Monitor closely, increase sensor density"
30.554186986466735,79.55120284685201,20.71192807900029,Ward A,80.03690377922096,Moderate,"Monitor closely, increase sensor density"
30.557409442055828,79.56124593631755,5.348271022465723,Ward D,87.1800077068012,Low,Standard periodic monitoring
30.55969045970382,79.5691525056901,10.968011103985454,Ward B,85.39204862450072,Low,Standard periodic monitoring
30.562365095430607,79.55350605884715,17.08719824191047,Ward C,85.34648908665622,Low,Standard periodic monitoring
30.557378272791397,79.56380009781641,34.25298287401119,Ward B,73.20594958683378,Moderate,"Monitor closely, increase sensor density"
30.559250694322664,79.55401867377317,20.845215814559854,Ward E,82.66211207655505,Moderate,"Monitor closely, increase sensor density"
30.564949418762676,79.56071655368946,32.306656917643174,Ward A,83.52576610027646,Moderate,"Monitor closely, increase sensor density"
30.550733664057812,79.55193352899293,17.74054625079424,Ward D,91.93592092689701,Low,Standard periodic monitoring
30.55504873888688,79.55900741872516,28.07292450063575,Ward E,95.11656307442888,Moderate,"Monitor closely, increase sensor density"
30.56426699171769,79.5651232665779,16.077483930855397,Ward E,86.29497011519054,Low,Standard periodic monitoring
30.567904136753743,79.55695143048477,27.301496172015494,Ward E,72.59481032654321,Moderate,"Monitor closely, increase sensor density"
30.560233548842312,79.56329823448974,10.023294607179498,Ward A,77.08179917083673,Low,Standard periodic monitoring
30.56064226970531,79.5659089992158,36.875275167884595,Ward C,74.93152740289666,Moderate,"Monitor closely, increase sensor density"
30.552143440226796,79.56854355638959,19.19087756665858,Ward A,73.72599038935483,Low,Standard periodic monitoring
30.55894824733647,79.5546928416371,3.474008778066284,Ward C,80.94038902867246,Low,Standard periodic monitoring
30.5606523453291,79.55798631831618,17.502246781588315,Ward E,76.85886571441603,Low,Standard periodic monitoring
30.554849410072695,79.55304832026661,20.893082587635924,Ward E,76.52726304316423,Moderate,"Monitor closely, increase sensor density"
30.55538486461899,79.56984967004315,24.724868273803207,Ward D,71.63532591983041,Moderate,"Monitor closely, increase sensor density"
30.55754568326209,79.56854001935848,45.411764762406214,Ward C,70.52833433938348,High,Deploy structural engineers for immediate inspection
30.550401423955556,79.5607991426056,8.762393735561378,Ward E,73.07277045522848,Low,Standard periodic monitoring
30.556441583311663,79.56684066588753,45.60913300904551,Ward B,75.14870463476663,High,Deploy structural engineers for immediate inspection
30.55422896013993,79.56041915954543,13.371538500945073,Ward D,82.88641349256127,Low,Standard periodic monitoring
30.55654994704356,79.56247171376005,7.041133903365875,Ward A,85.26455581283545,Low,Standard periodic monitoring
30.552395242636386,79.55178248864232,8.922941202484472,Ward D,74.20369835338363,Low,Standard periodic monitoring
30.567810545614797,79.56510540840993,20.032565726780284,Ward B,82.70102191157318,Moderate,"Monitor closely, increase sensor density"
30.561871849071082,79.5525542696727,6.154539462768308,Ward C,80.21829038554523,Low,Standard periodic monitoring
30.56358204638289,79.56652135260505,10.162918929256545,Ward A,75.48436694058888,Low,Standard periodic monitoring
30.565783424772146,79.5656405617534,17.190711825322737,Ward A,70.20453836963607,Low,Standard periodic monitoring
30.55996884397858,79.56417489395486,36.687306420456004,Ward C,83.96383420900008,Moderate,"Monitor closely, increase sensor density"
30.55173840576175,79.55072320761049,24.24082761673428,Ward D,90.50098730302946,Moderate,"Monitor closely, increase sensor density"
30.56074213083637,79.5560625671189,13.787819213046717,Ward E,76.76569229089984,Low,Standard periodic monitoring
30.56173682236042,79.55526225139822,19.968397960649792,Ward D,73.94102421391071,Low,Standard periodic monitoring
30.564908789483688,79.55720272814942,15.984217761082439,Ward B,96.52257805896417,Low,Standard periodic monitoring
30.558633190924596,79.55175285493527,4.628619685836311,Ward E,78.22324069738515,Low,Standard periodic monitoring
30.55255160605591,79.56873915646061,40.92327470203279,Ward D,76.68601733180068,High,Deploy structural engineers for immediate inspection
30.555675518115976,79.56107604481424,37.07110178559593,Ward C,95.62719849433648,Moderate,"Monitor closely, increase sensor density"
30.557261645927973,79.55611048621316,12.584095334188994,Ward B,94.43150226508617,Low,Standard periodic monitoring
30.56291834482663,79.55793963034148,9.191458067400031,Ward B,83.40555946868655,Low,Standard periodic monitoring
30.56141556609338,79.5589440508101,4.733463702524054,Ward B,84.62824195669046,Low,Standard periodic monitoring
30.55712193451796,79.56201188666721,20.85413799537347,Ward E,76.51068627453726,Moderate,"Monitor closely, increase sensor density"
30.56973030497586,79.56031358855392,20.949166774643473,Ward A,72.34121994733877,Moderate,"Monitor closely, increase sensor density"
30.56211549638714,79.56838783946428,6.632104888807978,Ward E,87.14561157813426,Low,Standard periodic monitoring
30.554744535834722,79.55993926965812,16.122650407038744,Ward D,72.94051315554738,Low,Standard periodic monitoring
30.55203564945241,79.56984316029646,23.727085199868686,Ward A,83.43330895400383,Moderate,"Monitor closely, increase sensor density"
30.553057182783686,79.5670284991549,8.679258988997235,Ward D,98.12086623553903,Low,Standard periodic monitoring
30.554919154567692,79.55417021028714,11.405425691653013,Ward A,98.48974823620048,Low,Standard periodic monitoring
30.55321362746519,79.56861190429287,11.318232323332097,Ward E,77.15603536776602,Low,Standard periodic monitoring
30.553731340481026,79.55232732795771,7.013544513011105,Ward B,88.66099125936506,Low,Standard periodic monitoring
30.555701903373876,79.56634899416981,11.589680751414178,Ward C,84.17488029682495,Low,Standard periodic monitoring
30.553467471905897,79.55761246586952,2.882138563230447,Ward B,96.18298531482458,Low,Standard periodic monitoring
30.56793530849253,79.5675594864089,10.858669743744569,Ward E,78.115782841854,Low,Standard periodic monitoring
30.551604674913232,79.56736113380214,10.991448640609638,Ward A,70.11070196428926,Low,Standard periodic monitoring
30.560490227791405,79.56611850800235,12.70555418686,Ward B,74.86058005734931,Low,Standard periodic monitoring
30.558207936539795,79.56580060872614,18.92324864869514,Ward E,80.450731754965,Low,Standard periodic monitoring
30.569647572338173,79.55609358278195,4.367465565493705,Ward D,79.44006178013761,Low,Standard periodic monitoring
30.552240778043362,79.55161838566102,5.207069231981849,Ward C,93.66175128177429,Low,Standard periodic monitoring
30.557957111980915,79.5580596035753,6.857121329497161,Ward B,90.34876391755125,Low,Standard periodic monitoring
30.569389408665508,79.55347049029973,3.9271518904466194,Ward A,78.95673395648544,Low,Standard periodic monitoring
30.56731014251788,79.56389902177804,20.4712837193429,Ward D,83.68654013326979,Moderate,"Monitor closely, increase sensor density"
30.566341441418984,79.55692199453075,8.365128905643303,Ward E,72.85721720835423,Low,Standard periodic monitoring
30.5551580565409,79.56951220401719,13.01125963634854,Ward C,96.85457870012101,Low,Standard periodic monitoring
30.5534177517478,79.5628194415469,6.350182151808715,Ward A,97.96920225101118,Low,Standard periodic monitoring
30.563372864398488,79.56644961127269,9.953308371560013,Ward E,99.29612570789006,Low,Standard periodic monitoring
30.56858751978255,79.55265049345483,16.69119721911654,Ward E,95.96972964049655,Low,Standard periodic monitoring
30.56113525786028,79.56724028964544,17.28216932753495,Ward B,75.20143054211715,Low,Standard periodic monitoring
30.5614322537894,79.56845514381025,5.419523897969552,Ward B,71.3812748477287,Low,Standard periodic monitoring
30.555599581873206,79.55974123837638,12.51810604904017,Ward A,87.32994214963895,Low,Standard periodic monitoring
30.56538985866384,79.56212505875502,6.4475012659218836,Ward E,97.28689030380501,Low,Standard periodic monitoring
30.55374087497115,79.56529619601805,12.163372833667141,Ward B,75.30280571362631,Low,Standard periodic monitoring
30.556473584728085,79.5534967725452,7.787556301206728,Ward C,70.21058314726184,Low,Standard periodic monitoring
30.558508728772328,79.56005132152926,42.62772941000134,Ward C,94.08433177636411,High,Deploy structural engineers for immediate inspection
30.56015220757369,79.55797326055544,23.63329441046273,Ward E,72.29619096017335,Moderate,"Monitor closely, increase sensor density"
30.5548481946483,79.55292747984325,17.828007042428272,Ward B,82.36981035410992,Low,Standard periodic monitoring
30.552296736494785,79.55735068844582,10.65546237950065,Ward A,90.29873138194468,Low,Standard periodic monitoring
30.562212400848832,79.55136344618771,24.105418852055475,Ward A,77.08024780513979,Moderate,"Monitor closely, increase sensor density"
30.555772611064807,79.55051623813898,12.799392735732404,Ward A,72.51048064705714,Low,Standard periodic monitoring
30.56162476442845,79.5527033257831,39.81296674532931,Ward C,93.02363473082929,Moderate,"Monitor closely, increase sensor density"
30.553087254305485,79.56926230223178,25.771552680481403,Ward B,88.84223503812254,Moderate,"Monitor closely, increase sensor density"
30.559622802037097,79.56099059071789,9.894972265659476,Ward B,99.55586548615547,Low,Standard periodic monitoring
30.560651788651032,79.56931644322306,36.864601252607734,Ward C,80.29481019626678,Moderate,"Monitor closely, increase sensor density"
30.55103647073645,79.5586499575666,10.699016654539255,Ward A,71.84669535007697,Low,Standard periodic monitoring
30.55673208556388,79.5562363226617,44.25231543391429,Ward A,91.95706605652535,High,Deploy structural engineers for immediate inspection
30.55268829353878,79.5601228372568,38.16272053129249,Ward E,85.59982922371205,Moderate,"Monitor closely, increase sensor density"
30.551267499409455,79.55879023377265,16.625509728195304,Ward D,76.37479754853514,Low,Standard periodic monitoring
30.5697992046478,79.55211329368524,3.0027291192225314,Ward B,93.37369677124231,Low,Standard periodic monitoring
30.556447076899495,79.5628165262938,15.699830719389997,Ward B,76.09228902691332,Low,Standard periodic monitoring
30.566197488917094,79.55432076365018,4.908066299414044,Ward B,77.79378347950481,Low,Standard periodic monitoring
30.555092813095275,79.56239175909795,7.98903888836345,Ward D,72.7666037755649,Low,Standard periodic monitoring
30.56363005444448,79.56300402184796,8.504409706649605,Ward E,81.94302514302255,Low,Standard periodic monitoring
30.565204557197795,79.55304049706257,4.868070374256973,Ward D,82.52598379572883,Low,Standard periodic monitoring
30.561912774812157,79.55122699254221,15.743240031235919,Ward A,85.38539753141413,Low,Standard periodic monitoring
30.559431523771003,79.56561523172137,7.208195481507722,Ward A,91.19803158700095,Low,Standard periodic monitoring
30.558236818282946,79.55919600847538,11.091384581076781,Ward B,97.09241776754473,Low,Standard periodic monitoring
30.55697736533086,79.55116327591011,8.565074522934276,Ward C,74.11824955674548,Low,Standard periodic monitoring
30.56859058288496,79.5698973263434,18.9811561463249,Ward B,71.62500814062484,Low,Standard periodic monitoring
30.566612388155754,79.55115561121993,18.014295367329357,Ward C,70.55408388447057,Low,Standard periodic monitoring
30.56930053821333,79.56390070457716,10.400263909382577,Ward D,74.2942792042576,Low,Standard periodic monitoring
30.552485944469712,79.56967357850526,19.654757572474796,Ward A,89.67268962487061,Low,Standard periodic monitoring
30.564617349504072,79.55478360208431,30.47993096047289,Ward C,91.75156463209525,Moderate,"Monitor closely, increase sensor density"
30.56876680913642,79.55284498737375,1.3074176763979581,Ward D,93.51652083449086,Low,Standard periodic monitoring
30.553624661323315,79.55242769878845,8.160976799713104,Ward A,77.28687553593984,Low,Standard periodic monitoring
30.551329925347336,79.55606550295134,5.811411735485617,Ward C,79.14625491651944,Low,Standard periodic monitoring
30.5648224129858,79.55202091622021,7.5573370318277595,Ward B,84.44572590240844,Low,Standard periodic monitoring
30.561489462263598,79.56384322683388,1.0026689589554638,Ward B,71.88917459612077,Low,Standard periodic monitoring
30.566836575535167,79.5512458359626,1.2348515033506675,Ward B,88.27313154401627,Low,Standard periodic monitoring
30.552795447532528,79.56018844256299,8.809447252555502,Ward D,99.41367750690516,Low,Standard periodic monitoring
30.565905346237198,79.56993393707705,8.603318783623916,Ward B,80.78810871020228,Low,Standard periodic monitoring
30.554032546400954,79.56627940539012,33.426143804912456,Ward E,92.51013950523239,Moderate,"Monitor closely, increase sensor density"
30.553273118857316,79.56230438876462,14.846087242508972,Ward A,84.95101407553128,Low,Standard periodic monitoring
30.55328531595862,79.55612507241572,19.30174370037705,Ward D,73.82157414637544,Low,Standard periodic monitoring
30.566291494404627,79.56247791672583,108.88186147612309,Ward B,87.40889971919734,Critical,Evacuate immediately and deploy emergency response
30.563303944413924,79.56054082927822,40.25557647345198,Ward A,78.96624062647754,High,Deploy structural engineers for immediate inspection
30.560461308495384,79.55852166767781,12.868786887177802,Ward C,71.0286559327584,Low,Standard periodic monitoring
30.55717660968247,79.5526142075348,9.414252881906334,Ward B,88.98439893052054,Low,Standard periodic monitoring
30.567544010816263,79.56773208430481,8.27155002826133,Ward A,95.68207724480936,Low,Standard periodic monitoring
30.557848902148454,79.55899569297642,17.034232063660752,Ward E,80.30861603030624,Low,Standard periodic monitoring
30.566331988789432,79.55389245023642,9.480264183711816,Ward C,81.66983686166184,Low,Standard periodic monitoring
30.558782698171406,79.55735518701754,4.736291513751238,Ward E,96.64154832071964,Low,Standard periodic monitoring
30.5575388885885,79.55828259505057,8.533428360064102,Ward A,94.32690351968395,Low,Standard periodic monitoring
30.559253595713393,79.56655075791133,17.38863433411413,Ward E,91.37708942419815,Low,Standard periodic monitoring
30.556027557483283,79.56467228761122,21.74028221222997,Ward A,77.43903220621912,Moderate,"Monitor closely, increase sensor density"
30.564952187603524,79.56538609787282,42.988525143324935,Ward A,97.21547798350268,High,Deploy structural engineers for immediate inspection
30.56005440780185,79.55022062528857,14.37203296601332,Ward E,74.61703115042246,Low,Standard periodic monitoring
30.554644253902936,79.55832307996359,31.6945746656856,Ward A,88.74043853057493,Moderate,"Monitor closely, increase sensor density"
30.56799149146549,79.5596268830327,11.421899861899456,Ward B,70.8611552983409,Low,Standard periodic monitoring
30.557677824427465,79.55038384553646,12.681326986010847,Ward A,89.24722220911589,Low,Standard periodic monitoring
30.56087105722228,79.5551962641749,12.16858907794038,Ward D,78.28661612101347,Low,Standard periodic monitoring
30.56812944221929,79.56520579646244,15.676091397664162,Ward A,83.44534161779323,Low,Standard periodic monitoring
30.56248475991828,79.55274219411457,24.4750955308259,Ward D,80.32341010650589,Moderate,"Monitor closely, increase sensor density"
30.552337960814167,79.56070620262905,9.160222013226903,Ward A,75.16542701176168,Low,Standard periodic monitoring
30.568796642472268,79.55430403744035,6.096574383901276,Ward A,88.59722562380684,Low,Standard periodic monitoring
30.562554161061428,79.55024241549287,25.833321239031864,Ward E,96.37106909870417,Moderate,"Monitor closely, increase sensor density"
30.55669811229314,79.55482402915199,24.581966657990844,Ward B,98.67661884424388,Moderate,"Monitor closely, increase sensor density"
30.552785441453267,79.5695174750982,35.059392753029435,Ward B,75.75115625830206,Moderate,"Monitor closely, increase sensor density"
30.565880503785408,79.56603074223766,8.017661079826055,Ward C,91.4494459444829,Low,Standard periodic monitoring
30.56240145511857,79.5691915328864,11.100302533048668,Ward E,89.86374706150991,Low,Standard periodic monitoring
30.560669221839525,79.55975708087853,26.501433634352246,Ward E,80.26699590827972,Moderate,"Monitor closely, increase sensor density"
30.56787785166102,79.55219472397354,9.072404922978764,Ward B,70.5710660606764,Low,Standard periodic monitoring
30.56577194422449,79.56095918977947,21.102385312173382,Ward E,90.6247582946547,Moderate,"Monitor closely, increase sensor density"
30.553033497594654,79.55908754669119,11.461016122312236,Ward B,98.27029633072905,Low,Standard periodic monitoring
30.55623444135591,79.56688714165479,16.968024755268615,Ward E,88.90039164527798,Low,Standard periodic monitoring
30.55496978279629,79.55196165161568,4.6455907818659865,Ward A,83.01525245321027,Low,Standard periodic monitoring
30.564878925851453,79.55976482274043,14.232876471552121,Ward B,85.70210143393768,Low,Standard periodic monitoring
30.550670648694716,79.55300097329388,30.069818572309273,Ward B,75.96890134903154,Moderate,"Monitor closely, increase sensor density"
30.561397793697427,79.55649351853779,23.08182648993847,Ward D,92.44127049623675,Moderate,"Monitor closely, increase sensor density"
30.565249173714815,79.56474714154776,5.7380420792408495,Ward E,92.31795291729449,Low,Standard periodic monitoring
30.567535312735234,79.55952036258736,40.74657706574246,Ward E,74.350967281584,High,Deploy structural engineers for immediate inspection
30.55684163497432,79.55751776570291,28.837114661807576,Ward B,96.25155363673981,Moderate,"Monitor closely, increase sensor density"
30.56642514609344,79.5578895255714,4.860526002748417,Ward A,78.04877321025182,Low,Standard periodic monitoring
30.552212634739107,79.55918893536811,8.582283391152224,Ward A,99.36945622200479,Low,Standard periodic monitoring
30.56692904583469,79.56570033087674,5.12739464498828,Ward A,81.44880011971365,Low,Standard periodic monitoring
30.55254977324664,79.5678416937788,17.315401376132908,Ward E,75.31873335616154,Low,Standard periodic monitoring
30.557945745811207,79.56910669373008,8.267655914701463,Ward D,80.516431329235,Low,Standard periodic monitoring
30.56594590731559,79.5657380677251,1.7300320419003579,Ward B,83.16139182804608,Low,Standard periodic monitoring
30.552998348546975,79.55630813791495,12.63697143663229,Ward C,72.07230241384502,Low,Standard periodic monitoring
30.554585027904654,79.56376269412172,25.134462741847774,Ward D,87.28872959857637,Moderate,"Monitor closely, increase sensor density"
30.564445051367862,79.5587520624811,14.455648881262347,Ward C,87.86920995208013,Low,Standard periodic monitoring
30.56440073073092,79.55509341244091,19.77085978052155,Ward D,92.09402061494922,Low,Standard periodic monitoring
30.562822952657708,79.56681743158852,15.50526204269214,Ward A,70.87217977949322,Low,Standard periodic monitoring
30.56387896888934,79.55076852697924,22.41946591791995,Ward E,86.18302261157152,Moderate,"Monitor closely, increase sensor density"
30.56085448886695,79.5680352398427,16.543079383737922,Ward C,71.58193225479286,Low,Standard periodic monitoring
30.55503598117814,79.5592295492925,12.105730140020263,Ward D,90.96421217700293,Low,Standard periodic monitoring
30.55691391987008,79.56274402953616,14.321114970084622,Ward E,71.66626677245944,Low,Standard periodic monitoring
30.55363195433603,79.56318707844412,35.92672576261687,Ward C,97.26066266541483,Moderate,"Monitor closely, increase sensor density"
30.568169011226672,79.56790235481412,20.56887631038856,Ward B,90.99226874984645,Moderate,"Monitor closely, increase sensor density"
30.561667835895324,79.56273339364334,5.720387651495228,Ward D,85.1709539760462,Low,Standard periodic monitoring
30.558017028335275,79.5622786716952,14.14966405584232,Ward B,83.20096730610713,Low,Standard periodic monitoring
30.559240116072882,79.55133304081122,17.091054574413025,Ward A,73.90711164935655,Low,Standard periodic monitoring
30.568945666792235,79.5603681604389,11.793246805438322,Ward B,78.70088174798343,Low,Standard periodic monitoring
30.553067028062323,79.55300338001634,1.741831188263143,Ward B,95.9818772401248,Low,Standard periodic monitoring
30.561724596640335,79.56474867537442,6.275170688745896,Ward D,97.04313906571858,Low,Standard periodic monitoring
30.56011777357769,79.56024443841625,9.501580125813247,Ward A,70.02235648027887,Low,Standard periodic monitoring
30.562229084708694,79.56360455558416,43.87539780720051,Ward B,87.76467810517879,High,Deploy structural engineers for immediate inspection
30.550362203676418,79.55083345801205,19.009396268738538,Ward E,91.5070882098509,Low,Standard periodic monitoring
30.567442478178883,79.55169584032092,2.887030435523158,Ward C,88.50053477548244,Low,Standard periodic monitoring
30.568642365649673,79.56432646776125,12.389455140722152,Ward B,72.44222496950398,Low,Standard periodic monitoring
30.561302663671785,79.55144168671997,32.24825096779948,Ward A,76.50997447408717,Moderate,"Monitor closely, increase sensor density"
30.563933016477538,79.5514251345553,8.16856149298474,Ward B,77.48517399470344,Low,Standard periodic monitoring
30.568449987623545,79.5502421695047,27.18990795836679,Ward C,94.86856647602218,Moderate,"Monitor closely, increase sensor density"
30.56414477268627,79.56913002796598,2.992405511631576,Ward A,83.84966314563673,Low,Standard periodic monitoring
30.553050780858285,79.56475016718917,0.2587846030985582,Ward D,84.55616353704298,Low,Standard periodic monitoring
30.561525767203335,79.55706502817004,29.96811183377775,Ward A,97.95330209197981,Moderate,"Monitor closely, increase sensor density"
30.562134300927656,79.55593071162575,9.099069189121169,Ward D,89.048868076756,Low,Standard periodic monitoring
30.558482613426047,79.55699406459492,9.709777083457885,Ward A,96.87016427642465,Low,Standard periodic monitoring
30.564728884712494,79.56549307062362,15.398304268994941,Ward C,83.64961477471184,Low,Standard periodic monitoring
30.56868734029538,79.56322741222141,18.531776263142866,Ward C,74.468144129697,Low,Standard periodic monitoring
30.568511370258136,79.55370391135735,0.6092948635750194,Ward A,97.80507426281517,Low,Standard periodic monitoring
30.55901678742808,79.55348218670667,7.624956263767195,Ward B,83.7152829584594,Low,Standard periodic monitoring
30.552264760916817,79.55196791299427,13.951844555558093,Ward C,75.43077951417678,Low,Standard periodic monitoring
30.569696823979246,79.56320605439402,18.5016138358036,Ward D,79.04163263508728,Low,Standard periodic monitoring
30.56677796172892,79.56528745324442,5.657090042483689,Ward D,71.51899743169938,Low,Standard periodic monitoring
30.552493253624068,79.5553009285665,11.311272219001735,Ward E,84.00218768454592,Low,Standard periodic monitoring
30.568416837652347,79.55041889922062,8.146738181317088,Ward D,95.50853234011608,Low,Standard periodic monitoring
30.56739792724124,79.55164343334953,15.785678767008234,Ward E,97.91405563460002,Low,Standard periodic monitoring
30.56037676114252,79.5693572006969,29.2441235562105,Ward A,97.88480600435895,Moderate,"Monitor closely, increase sensor density"
30.5618255087149,79.55590889554955,10.15329615326683,Ward A,73.74437776629952,Low,Standard periodic monitoring
30.557980054077404,79.56538446295676,3.5917344756963665,Ward A,81.42341108708061,Low,Standard periodic monitoring
30.55109523277644,79.56249327137708,7.266458599737628,Ward B,70.84403991355612,Low,Standard periodic monitoring
30.55670394483292,79.55763879279306,40.47690137444626,Ward B,95.56944381464704,High,Deploy structural engineers for immediate inspection
30.56605706897196,79.55411374524391,6.297774635583222,Ward E,80.72679728443609,Low,Standard periodic monitoring
30.550092640460093,79.55242772836318,4.37262716906497,Ward D,88.87039913397783,Low,Standard periodic monitoring
30.556669983433824,79.56230025936077,9.650044515791649,Ward D,91.37546329851094,Low,Standard periodic monitoring
30.557963373871818,79.56549267561275,12.39190736158826,Ward A,82.85235562532034,Low,Standard periodic monitoring
30.56074791205876,79.56287808507082,8.579554977823374,Ward C,79.16262586285227,Low,Standard periodic monitoring
30.568397112328256,79.56060604266497,3.011041156150388,Ward B,98.77016601246675,Low,Standard periodic monitoring
30.55692691988732,79.55083902446863,16.938159732390623,Ward B,98.83819792821325,Low,Standard periodic monitoring
30.556939064037927,79.56936977555188,15.797791739844254,Ward A,78.65414740409766,Low,Standard periodic monitoring
30.564750024962194,79.56597428383309,21.84367490467584,Ward B,84.3407903926593,Moderate,"Monitor closely, increase sensor density"
30.559044358817797,79.55585644073402,15.534042304237138,Ward A,99.08804034393468,Low,Standard periodic monitoring
30.5544920964588,79.56959940658717,38.28564850378216,Ward E,70.14556538889954,Moderate,"Monitor closely, increase sensor density"
30.559048790322656,79.56203763179272,23.04831198476526,Ward D,82.33907962653656,Moderate,"Monitor closely, increase sensor density"
30.552817140407598,79.56164845316414,19.89953712062826,Ward C,73.00368073546096,Low,Standard periodic monitoring
30.553527739730125,79.56496146358859,29.972895213259974,Ward D,85.22382317032182,Moderate,"Monitor closely, increase sensor density"
30.55996735545479,79.5662353957618,14.836134195352004,Ward D,70.73763164076057,Low,Standard periodic monitoring
30.558378508990092,79.56312957214662,11.504556514337073,Ward E,82.16626309857978,Low,Standard periodic monitoring
30.568296918021364,79.55256191492732,16.798091318709467,Ward B,76.59890233608152,Low,Standard periodic monitoring
30.557247877982334,79.55676535011989,1.6292272103581875,Ward C,85.94592003751636,Low,Standard periodic monitoring
30.561611767005562,79.56856167280651,14.871962600024696,Ward B,99.78021010811092,Low,Standard periodic monitoring
30.562645285758393,79.55449231223687,12.381367690292922,Ward D,93.93602954328976,Low,Standard periodic monitoring
30.550261889131768,79.55744334047675,18.15352985099134,Ward A,95.2846985395702,Low,Standard periodic monitoring
30.563270747440335,79.55864153765889,27.24551432557144,Ward D,88.99442312203652,Moderate,"Monitor closely, increase sensor density"
30.553560719337394,79.55878809979389,20.313822999188062,Ward B,71.24263946334054,Moderate,"Monitor closely, increase sensor density"
30.56922140634939,79.56225879164988,7.28403353268948,Ward D,76.18325051371991,Low,Standard periodic monitoring
30.552973254555063,79.5688615167549,24.26513855710601,Ward A,97.65943023776694,Moderate,"Monitor closely, increase sensor density"
30.558292482474542,79.55481385423664,38.65454674176631,Ward E,80.94678222606966,Moderate,"Monitor closely, increase sensor density"
30.551706993361574,79.55243002752601,27.728744923164708,Ward B,73.0987381217758,Moderate,"Monitor closely, increase sensor density"
30.56993748503692,79.5539494097972,3.9407698763566588,Ward D,91.00192043939944,Low,Standard periodic monitoring
30.560043900206626,79.56773849800418,20.161677464400583,Ward B,78.95378594563421,Moderate,"Monitor closely, increase sensor density"
30.561907700346403,79.5629162162531,4.573895903361696,Ward E,78.03882169583474,Low,Standard periodic monitoring
30.55134152954777,79.55571813578477,10.617658188667082,Ward D,99.83952592119199,Low,Standard periodic monitoring
30.564999209407983,79.56631893877936,17.76767455169999,Ward D,95.65835385829698,Low,Standard periodic monitoring
30.55419811186191,79.56722739992726,16.102828752062944,Ward B,82.19734076919845,Low,Standard periodic monitoring
30.567961085788813,79.5669302867738,27.361804766118265,Ward B,99.30981011371333,Moderate,"Monitor closely, increase sensor density"
30.55410279280964,79.56837853067279,38.77912222191384,Ward A,89.4383853802345,Moderate,"Monitor closely, increase sensor density"
30.553813754413273,79.55504482040347,19.07713265092841,Ward E,92.18647131120483,Low,Standard periodic monitoring
30.55073099335696,79.56510083857492,9.966915424377046,Ward A,70.94223998815812,Low,Standard periodic monitoring
30.5594413389022,79.55921078994548,1.7377168199229676,Ward D,73.6359972545069,Low,Standard periodic monitoring
30.561296822665252,79.56683997105779,32.10898911777445,Ward B,88.92924528223753,Moderate,"Monitor closely, increase sensor density"
30.55131417278857,79.56456981354323,12.432797831584791,Ward D,96.88081708121958,Low,Standard periodic monitoring
30.5655105523339,79.56552894893,12.94905735120272,Ward D,88.6499374100191,Low,Standard periodic monitoring
30.55906577669496,79.56312323675361,13.764712980463502,Ward C,74.00734434013785,Low,Standard periodic monitoring
30.56048780538655,79.55354857538939,18.45192887254836,Ward C,73.46122538276511,Low,Standard periodic monitoring
30.558815254938764,79.56090053837794,18.845492187345982,Ward D,95.24115828514005,Low,Standard periodic monitoring
30.558015261217506,79.56969339479048,10.75576596548624,Ward B,74.16513992736664,Low,Standard periodic monitoring
30.561192806626163,79.56874776132993,12.33585428505607,Ward D,85.55493561907036,Low,Standard periodic monitoring
30.553104804918615,79.55086347471594,8.026199049127568,Ward C,71.10968826687284,Low,Standard periodic monitoring
30.553638562609905,79.55329629631458,7.2789733428406045,Ward B,72.41202604499621,Low,Standard periodic monitoring
30.56723571242027,79.55263457546909,7.247643226224642,Ward D,90.10321320252166,Low,Standard periodic monitoring
30.568922309242673,79.5645195981997,12.222733463425659,Ward E,90.60652417178275,Low,Standard periodic monitoring
30.557466186325595,79.56635570659714,6.051317789980185,Ward E,80.20993525759243,Low,Standard periodic monitoring
30.55541489346287,79.55427022732621,0.20688388100361743,Ward D,76.44673198076704,Low,Standard periodic monitoring
30.56287999086478,79.56011705385903,9.824746124276285,Ward B,94.32993709564352,Low,Standard periodic monitoring
30.558174683421964,79.56681406056022,4.201641011315807,Ward D,76.49138656114972,Low,Standard periodic monitoring
30.550507727113207,79.56465603089532,14.49552031775107,Ward D,86.20660938302476,Low,Standard periodic monitoring
30.553123051947324,79.56084474410983,7.999113177853571,Ward C,98.94944434180088,Low,Standard periodic monitoring
30.56431944457695,79.56180695380917,18.617902806149203,Ward E,74.42078789208527,Low,Standard periodic monitoring
30.563178478838203,79.56016721093832,4.61155821641986,Ward C,98.1322003980918,Low,Standard periodic monitoring
30.55054191985007,79.55595096902637,2.190376544946147,Ward C,75.46850228675319,Low,Standard periodic monitoring
30.55443944323866,79.56130043985718,12.360097677642848,Ward D,86.96655191989457,Low,Standard periodic monitoring
30.554621495931762,79.563777706041,9.4821358774308,Ward C,81.27253058756646,Low,Standard periodic monitoring
30.563437854871975,79.56746645831721,3.8318514202932947,Ward E,98.85136518490461,Low,Standard periodic monitoring
30.550394210755087,79.56272582707957,23.061292391938647,Ward C,78.17890666715792,Moderate,"Monitor closely, increase sensor density"
30.552082171639693,79.56522243074086,5.429944349332398,Ward E,81.94977426236403,Low,Standard periodic monitoring
30.565998321707465,79.55320143269908,6.974201568670361,Ward C,99.38751752387708,Low,Standard periodic monitoring
30.553570893241087,79.5592311494884,26.15587032578355,Ward E,86.04046469653535,Moderate,"Monitor closely, increase sensor density"
30.563054922157036,79.55018663239655,19.399174027222717,Ward C,85.02864045707548,Low,Standard periodic monitoring
30.554763655620935,79.55493357729043,4.87436699864407,Ward C,77.70757679729934,Low,Standard periodic monitoring
30.551988827855187,79.56452923430226,10.200440386912641,Ward B,90.9707704532822,Low,Standard periodic monitoring
30.55486344381999,79.56983619902698,4.399010177454262,Ward E,70.42975125815555,Low,Standard periodic monitoring
30.564445338637114,79.55198356199175,24.857080783847653,Ward E,71.48042762809858,Moderate,"Monitor closely, increase sensor density"
30.567113929362126,79.55802988631721,24.845446090358358,Ward E,87.9208217553605,Moderate,"Monitor closely, increase sensor density"
30.56660439729134,79.56600141937398,42.561937324573954,Ward A,80.21606975717178,High,Deploy structural engineers for immediate inspection
30.55794367059237,79.55408071269258,53.50677719177675,Ward C,98.50415952880873,High,Deploy structural engineers for immediate inspection
30.563361702731413,79.56110169898604,7.917563952865047,Ward E,97.0054016526113,Low,Standard periodic monitoring
30.554099685908316,79.56466142592059,22.13183645669394,Ward A,91.33981713443355,Moderate,"Monitor closely, increase sensor density"
30.55586295460522,79.5623197090052,1.808222319843087,Ward B,94.46255287572126,Low,Standard periodic monitoring
30.567926716370422,79.5537604946923,15.338715311703462,Ward E,89.95322230506403,Low,Standard periodic monitoring
30.550260038470217,79.55710769137372,18.22765842175229,Ward E,73.7549048710338,Low,Standard periodic monitoring
30.55171017061709,79.5656758356897,5.718050198436004,Ward A,92.88974675370716,Low,Standard periodic monitoring
30.55415772510292,79.56108453028264,7.4923378505960905,Ward C,76.2847398646935,Low,Standard periodic monitoring
30.550530644077476,79.55010459227086,24.962058891026484,Ward B,79.67094136749589,Moderate,"Monitor closely, increase sensor density"
30.553628708701797,79.56521981520055,18.557598581177942,Ward E,94.49510294186237,Low,Standard periodic monitoring
30.561660831219395,79.5507062270988,39.02832660591626,Ward C,86.0421156909641,Moderate,"Monitor closely, increase sensor density"
30.55842849101185,79.56491467565462,36.06378164601583,Ward B,95.71222735408394,Moderate,"Monitor closely, increase sensor density"
30.56785343422154,79.5540496112033,2.498750190311455,Ward D,76.3697560633136,Low,Standard periodic monitoring
30.56634887123477,79.56916146960238,8.617205654841703,Ward D,88.17257531434593,Low,Standard periodic monitoring
30.556836347033958,79.55735881502603,5.1625210982151994,Ward B,72.50535007919302,Low,Standard periodic monitoring
30.555188468668625,79.55653863232676,22.786596547593813,Ward A,89.2275237068469,Moderate,"Monitor closely, increase sensor density"
30.557593848163346,79.55297776100664,16.483850434220805,Ward B,92.7997677294885,Low,Standard periodic monitoring
30.561805898850295,79.5561120843098,5.511743246257591,Ward B,87.48943372996378,Low,Standard periodic monitoring
30.55536127281646,79.56753301523656,6.360124481135697,Ward A,77.96032189481443,Low,Standard periodic monitoring
30.562482978156982,79.56992668675254,30.85132040784807,Ward A,70.93714579888011,Moderate,"Monitor closely, increase sensor density"
30.558188233043825,79.55736619061014,9.466159831998203,Ward C,73.57152163053215,Low,Standard periodic monitoring
30.56104094361704,79.55897221261908,1.4465262131636107,Ward C,88.60685907431339,Low,Standard periodic monitoring
30.558722530582706,79.56444141876405,5.04971791657309,Ward A,97.93916448359117,Low,Standard periodic monitoring
30.55588931519084,79.56772391560929,44.41987667353598,Ward D,76.175378678763,High,Deploy structural engineers for immediate inspection
30.568969066139243,79.56186088668373,26.679359346012742,Ward D,91.97728185824246,Moderate,"Monitor closely, increase sensor density"
30.565272115883197,79.55783051396355,4.118518030788589,Ward B,95.90688679114635,Low,Standard periodic monitoring
30.55280226351533,79.55825243681697,15.333442499240396,Ward E,85.57437713558059,Low,Standard periodic monitoring
30.567369359517958,79.56391236292993,25.555273590285573,Ward B,90.01104729572538,Moderate,"Monitor closely, increase sensor density"
30.559748623964992,79.55006436527208,2.4584628502322965,Ward B,94.36895796861683,Low,Standard periodic monitoring
30.56789104453788,79.56239178674919,27.529285263659045,Ward E,77.79418721644375,Moderate,"Monitor closely, increase sensor density"
30.565997105118946,79.55710986020883,18.430198021174196,Ward A,78.87718066061448,Low,Standard periodic monitoring
30.558504270089387,79.56588394662553,7.104263628243987,Ward D,70.01876274719083,Low,Standard periodic monitoring
30.550449386166402,79.55185981279647,20.584450366677473,Ward B,98.7965145138443,Moderate,"Monitor closely, increase sensor density"
30.5553735471877,79.56176404533896,16.655846674468567,Ward E,97.43459234843071,Low,Standard periodic monitoring
30.560832684293217,79.55961945779772,17.501882105146727,Ward C,92.86059108640697,Low,Standard periodic monitoring
30.562669564396522,79.5628465105181,14.922020927848955,Ward B,72.36437302720178,Low,Standard periodic monitoring
30.555157753708663,79.55129707188965,6.146807400866722,Ward D,83.3803364020153,Low,Standard periodic monitoring
30.552787121481458,79.56159967574855,7.247320613672745,Ward A,73.04656344374943,Low,Standard periodic monitoring
30.566698604735986,79.56122969175918,11.022231803746362,Ward B,70.47601599115768,Low,Standard periodic monitoring
30.56968804361407,79.56121320188832,13.81411334825776,Ward B,88.42387065985666,Low,Standard periodic monitoring
30.560513803646053,79.56206975333193,21.454095449395233,Ward E,98.72879957069765,Moderate,"Monitor closely, increase sensor density"
30.553433585716967,79.56352935874452,45.10990617232909,Ward C,96.9957539006213,High,Deploy structural engineers for immediate inspection
30.55544614653039,79.5660997799936,15.869387896116297,Ward C,90.83296896656859,Low,Standard periodic monitoring
30.55036781353095,79.55539641440257,21.18679201003831,Ward A,72.88955346652966,Moderate,"Monitor closely, increase sensor density"
30.56828597613121,79.5665009882036,24.66530551665471,Ward D,78.19750472640177,Moderate,"Monitor closely, increase sensor density"
30.552355021657803,79.55996511364526,22.254020645512874,Ward A,79.5696961338702,Moderate,"Monitor closely, increase sensor density"
30.561530329510287,79.55154116558268,5.932362842983108,Ward B,92.81818672659229,Low,Standard periodic monitoring
30.555481104413744,79.55117101858488,32.80309197872599,Ward B,93.98725045912991,Moderate,"Monitor closely, increase sensor density"
30.561083560050317,79.55668476637392,29.438507403557164,Ward C,81.51467307739863,Moderate,"Monitor closely, increase sensor density"
30.56302840776704,79.56569793954222,14.768992289595397,Ward D,82.49473149886653,Low,Standard periodic monitoring
30.566594836074145,79.56415361869482,6.266937832167708,Ward E,71.33082027435752,Low,Standard periodic monitoring
30.554128425435213,79.56577229929344,13.645908372048087,Ward D,78.64518788072095,Low,Standard periodic monitoring
30.55021991657317,79.56034538112883,2.834509876453163,Ward B,83.49342679761143,Low,Standard periodic monitoring
30.552737712601377,79.55880397995911,35.66788310162518,Ward E,73.4977930869192,Moderate,"Monitor closely, increase sensor density"
30.568000372836963,79.55294905053412,7.844153777363605,Ward D,83.55269707657514,Low,Standard periodic monitoring
30.567477801551252,79.55656385507218,10.574239620840794,Ward D,95.50995678650824,Low,Standard periodic monitoring
30.561948262043405,79.55868038732348,34.00492855652332,Ward E,87.38149848977909,Moderate,"Monitor closely, increase sensor density"
30.562010337208672,79.55177200859359,31.348052470263763,Ward B,72.36000266564852,Moderate,"Monitor closely, increase sensor density"
30.563300733490927,79.55441223905422,17.137982090654976,Ward D,75.7309724330252,Low,Standard periodic monitoring
30.55350742557247,79.56196450588126,39.222420415715824,Ward E,84.18887606974083,Moderate,"Monitor closely, increase sensor density"
30.568288238918498,79.56471326228478,5.758138219125475,Ward B,80.80846577967219,Low,Standard periodic monitoring
30.558375410497842,79.56996695022785,17.14444651083283,Ward E,80.72593788442836,Low,Standard periodic monitoring
30.557662770564992,79.56866226662686,5.802989826830988,Ward E,85.82509669949334,Low,Standard periodic monitoring
30.56037835410566,79.5628513039907,28.240217996597696,Ward D,87.47343805552478,Moderate,"Monitor closely, increase sensor density"
30.5509393193355,79.55842496106588,27.57355994890303,Ward B,93.82616095125812,Moderate,"Monitor closely, increase sensor density"
30.553325667375123,79.56272354729415,41.04800255637207,Ward D,80.1949002475283,High,Deploy structural engineers for immediate inspection
30.56476067232853,79.5657130323616,13.330093998896764,Ward A,94.08344186291355,Low,Standard periodic monitoring
30.551655973358503,79.55236672381847,48.56558786504244,Ward A,80.12447575046771,High,Deploy structural engineers for immediate inspection
30.56206304218933,79.55819809779392,5.35908401788791,Ward B,71.65744636934289,Low,Standard periodic monitoring
30.55490698219363,79.5667960457127,12.784319118500626,Ward E,86.57021076504326,Low,Standard periodic monitoring
30.55778591228084,79.55767665903866,5.54372649114043,Ward D,87.57827951435496,Low,Standard periodic monitoring
30.555773874735415,79.56143744542454,15.463282047405302,Ward D,97.94275334409362,Low,Standard periodic monitoring
30.5571134543293,79.56175538721723,6.006136036871503,Ward B,91.70923364926799,Low,Standard periodic monitoring
30.564380918103684,79.55368952506267,28.292303023462118,Ward B,97.44140230958375,Moderate,"Monitor closely, increase sensor density"
30.555942434312463,79.55724470883304,18.867559515286036,Ward A,97.15958158626599,Low,Standard periodic monitoring
30.561328092805937,79.55669022577483,4.935377179328754,Ward C,88.07676589672144,Low,Standard periodic monitoring
30.559521008043983,79.55052393417064,23.946264886096355,Ward B,85.78008575355979,Moderate,"Monitor closely, increase sensor density"
30.563273423307255,79.55048383527783,37.41563106772932,Ward C,86.66748491819163,Moderate,"Monitor closely, increase sensor density"
30.568736594786497,79.56663394087352,20.184557054607062,Ward B,99.25209114954971,Moderate,"Monitor closely, increase sensor density"
30.564651441944207,79.55546141619945,3.61699225190955,Ward E,93.11771398323407,Low,Standard periodic monitoring
30.554298807571815,79.56036157532478,11.853204459724406,Ward E,73.17735055329264,Low,Standard periodic monitoring
30.550623662701227,79.55597451147177,22.035935556032726,Ward A,93.27500936276385,Moderate,"Monitor closely, increase sensor density"
30.555245280886,79.5688135849023,10.980702811483292,Ward A,75.09908766205696,Low,Standard periodic monitoring
30.561901558614007,79.5551859351773,5.294045313472387,Ward C,83.37578141526821,Low,Standard periodic monitoring
30.551028516269685,79.55859313625477,30.49821679386543,Ward B,76.29274419807838,Moderate,"Monitor closely, increase sensor density"
30.559927324944024,79.56745460500969,10.606608360110393,Ward D,90.61853365944357,Low,Standard periodic monitoring
30.56193685697834,79.56683867133583,37.43090181672216,Ward A,96.23156111217178,Moderate,"Monitor closely, increase sensor density"
30.55668487781634,79.55372202835692,8.656265540445151,Ward D,78.68182037246376,Low,Standard periodic monitoring
30.565418244074916,79.5660528661959,10.113273944018635,Ward D,72.45212116212481,Low,Standard periodic monitoring
30.552131965062674,79.55916373773475,8.092718135389003,Ward B,78.9249436324414,Low,Standard periodic monitoring
30.55150275563472,79.5596593774417,11.694813318051034,Ward C,90.10361955217262,Low,Standard periodic monitoring
30.56456377512407,79.55266959944832,18.64712843199934,Ward B,79.82992781387806,Low,Standard periodic monitoring
30.559909826324123,79.55161203027514,5.558597041365987,Ward A,78.31555380985873,Low,Standard periodic monitoring
30.563768047928555,79.56455878613947,4.61680307599161,Ward D,75.51461219846952,Low,Standard periodic monitoring
30.558696546772076,79.5599292230471,2.3962776770657848,Ward B,84.87574116354557,Low,Standard periodic monitoring
30.554928040664784,79.5587370140523,2.062634361018198,Ward B,78.25086996189991,Low,Standard periodic monitoring
30.566382046353485,79.56459016457305,3.6620884998651615,Ward B,91.85720943927055,Low,Standard periodic monitoring
30.56598831757938,79.56531025797982,8.606158497508948,Ward A,72.29100981956687,Low,Standard periodic monitoring
30.563893929417087,79.55317816335338,15.254671074010377,Ward C,89.8545876900284,Low,Standard periodic monitoring
30.5554429027446,79.56220450298954,17.911923293922897,Ward B,77.10304443557632,Low,Standard periodic monitoring
30.561804613337383,79.55270708164555,14.733293707644773,Ward A,84.62944990544294,Low,Standard periodic monitoring
30.5572194779388,79.56502750172058,34.633324530080806,Ward D,78.55408866873469,Moderate,"Monitor closely, increase sensor density"
30.551831641466535,79.56313910312534,42.061827768372375,Ward E,91.6107834127228,High,Deploy structural engineers for immediate inspection
30.568346271509245,79.56913229242166,10.647220108895803,Ward A,98.26468050352395,Low,Standard periodic monitoring
30.55273637261838,79.55137916032713,5.646569286134782,Ward E,97.42059570614742,Low,Standard periodic monitoring
30.569004747076416,79.55114109442302,50.5230637813855,Ward B,87.44444383280833,High,Deploy structural engineers for immediate inspection
30.55892011545916,79.55564374149387,29.796311750780607,Ward B,83.83204806738365,Moderate,"Monitor closely, increase sensor density"
